journal_title,issn,2022 Total Cites to All Years,Journal Impact Factor,Journal Citation Indicator,5-Year Jrl Impact Factor,JIF Sans Journal Self Cites,Immediacy Index,Normalized Eigenfactor,Article Influence Score,pubmed_abbreviation
LANCET,0140-6736,336057,98.4,24.06,106.9,97.3,22.8,86.98006,38.943,
NEW ENGL J MED,0028-4793,404835,96.2,25.23,94.3,95.6,21.6,122.54871,41.53,
BMJ-BRIT MED J,0959-535X,163066,93.6,10.42,69.9,91.7,19.1,41.05996,25.671,
NAT REV DIS PRIMERS,2056-676X,31331,76.9,18.46,92.6,76.9,6.4,10.43758,28.955,
JAMA-J AM MED ASSOC,0098-7484,189853,63.1,11.75,66.8,62.2,13.5,51.6699,27.856,
JAMA INTERN MED,2168-6106,24993,22.5,4.88,22.5,21.9,8.8,11.3828,10.797,
ANN INTERN MED,0003-4819,64849,19.6,4.45,28.8,19.1,4,15.47366,12.291,
MILITARY MED RES,2095-7467,4376,16.7,2.76,14.8,16.1,3.6,1.30128,3.11,
JAMA NETW OPEN,2574-3805,58150,10.5,2.77,11,10.2,2,43.31769,4.815,
PLOS MED,1549-1277,42360,10.5,2.48,11.3,10.4,2.2,10.7105,4.734,
CAN MED ASSOC J,0820-3946,18285,9.4,2.33,11.1,9,2.6,3.43438,4.122,
J CACHEXIA SARCOPENI,2190-5991,10870,9.4,2.11,10.6,8.6,1.2,3.83857,2.781,
J TRAVEL MED,1195-1982,4344,9.1,1.57,9.8,7.8,1.7,1.5547,2.851,
J INTERN MED,0954-6820,14604,9,1.98,10.5,8.9,1.4,3.3146,3.188,
BMJ EVID-BASED MED,2515-446X,1759,9,1.36,9,8.6,1.4,1.09451,3.453,
COCHRANE DB SYST REV,1469-493X,77231,8.8,1.48,9.9,8.6,2,16.55996,3.426,
J ROY SOC MED,0141-0768,5120,8.8,1.36,10,8.6,3,0.66448,3.596,
CHINESE MED J-PEKING,0366-6999,13086,7.5,1.31,4.9,7,0.9,2.62121,1.087,
BRIT MED BULL,0007-1420,5253,7.4,1.32,7.9,7.3,0.7,0.64312,2.076,
QJM-INT J MED,1460-2725,6657,7.3,1.19,6.4,6.4,1.3,0.92557,1.572,
BMC MED,1741-7015,26282,7,1.88,8.7,6.9,1.4,9.06271,3.175,
MAYO CLIN PROC,0025-6196,20213,6.9,1.56,8,6.8,1.8,4.30559,2.677,
MED J AUSTRALIA,0025-729X,12406,6.7,1.27,8.2,6.3,3.1,2.57311,2.858,
DTSCH ARZTEBL INT,1866-0452,8614,6.5,1.56,7.8,6.1,1.8,1.63974,1.914,
TRANSL RES,1931-5244,6757,6.4,2.17,7.2,6.4,2.6,1.49928,1.717,
EUR J INTERN MED,0953-6205,7785,5.9,1.27,5.1,5.4,2.4,1.82295,1.328,
BRIT J GEN PRACT,0960-1643,8869,5.3,2.28,6,4.8,1.5,2.30207,2.237,
AMYLOID,1350-6129,2221,5.2,1.18,6.7,4.9,1.1,0.74747,2.516,
AM J MED,0002-9343,23832,5.1,0.92,5,4.9,2.1,2.91281,1.777,
ANN MED,0785-3890,7923,4.9,1.33,5.1,4.8,0.6,1.60483,1.322,
AM J CHINESE MED,0192-415X,5228,4.8,1.66,5,4.3,1,0.69609,0.779,
J TRANSL INTERN MED,2450-131X,889,4.7,0.67,3.8,4.2,0.8,0.19995,0.703,
ANN FAM MED,1544-1709,6059,4.4,2.28,4.8,4.2,1.3,1.22064,1.936,
EUR J CLIN INVEST,0014-2972,8415,4.4,0.98,4.7,4.3,0.7,1.7792,1.25,
J URBAN HEALTH,1099-3460,5513,4.3,1.5,4.5,4.2,0.5,1.40164,1.791,
AM J PREV MED,0749-3797,24323,4.3,1.41,4.9,4.2,1.2,5.43312,2.181,
J GEN INTERN MED,0884-8734,29770,4.3,1.34,5.3,4.1,0.7,8.75539,2.315,
PREV MED,0091-7435,18889,4.3,1.2,4.2,4.2,0.4,4.92007,1.604,
AM FAM PHYSICIAN,0002-838X,11242,3.8,1.59,6.7,3.8,4.2,1.39611,1.698,
MED CLIN N AM,0025-7125,5750,3.8,1.35,6.9,3.8,1.1,1.22724,1.72,
DM-DIS MON,0011-5029,1323,3.8,0.98,5.5,3.7,1.4,0.25786,1.148,
POL ARCH INTERN MED,0032-3772,2142,3.8,0.77,3,3.1,1.8,0.46859,0.602,
PALLIATIVE MED,0269-2163,6883,3.6,1.1,4.4,3.3,0.6,1.64062,1.301,
J EVID-BASED MED,1756-5383,1083,3.6,0.88,,3.6,0.5,0.30319,,
CLIN MED,1470-2118,4991,3.6,0.85,4,3.5,1.3,1.19308,1.054,
POSTGRAD MED J,0032-5473,7699,3.6,0.82,3.5,3.6,0.5,1.0938,0.885,
CLEV CLIN J MED,0891-1150,2518,3.4,0.57,4.1,3.4,1.5,0.43932,0.998,
J PAIN SYMPTOM MANAG,0885-3924,14594,3.2,1.3,3.8,3,1,3.29683,1.32,
INTERN EMERG MED,1828-0447,4471,3.2,0.82,3.2,3.1,0.8,1.24099,0.8,
INT J MED SCI,1449-1907,7790,3.2,0.76,3.4,3.2,0.7,1.70056,0.689,
PRESSE MED,0755-4982,2261,3.2,0.57,1.7,3.2,0.6,0.30519,0.445,
HONG KONG MED J,1024-2708,1893,3.1,0.52,2.4,2.4,1.5,0.25011,0.525,
J WOMENS HEALTH,1540-9996,8678,3,1.16,4.8,2.9,0.4,2.64458,1.867,
J KOREAN MED SCI,1011-8934,9328,3,0.98,2.7,2.7,0.5,1.81188,0.667,
ARCH MED SCI,1734-1922,4899,3,0.7,3.2,2.7,0.7,0.83322,0.569,
PAIN MED,1526-2375,9899,2.9,1.05,3.2,2.8,0.8,2.43036,0.972,
J MED ECON,1369-6998,3346,2.9,0.96,2.9,2.6,0.8,1.22074,1.006,
MED PRIN PRACT,1011-7571,2995,2.9,0.7,2.8,2.9,0.3,0.447,0.598,
JBI EVID IMPLEMENT,2691-3321,302,2.7,0.7,2.5,2.4,0.3,0.12575,0.661,
INDIAN J MED RES,0971-5916,7664,2.7,0.55,3.6,2.6,0.3,1.02608,0.825,
J FORMOS MED ASSOC,0929-6646,5916,2.6,0.91,2.8,2.5,1.6,1.33773,0.671,
POSTGRAD MED,0032-5481,3729,2.6,0.7,3.4,2.5,1.1,0.79807,0.859,
YONSEI MED J,0513-5796,5105,2.6,0.62,2.4,2.6,0.6,0.75559,0.571,
MED CLIN-BARCELONA,0025-7753,3530,2.6,0.53,2.3,2.5,0.7,0.59451,0.514,
PRIMARY CARE,0095-4543,2230,2.5,0.99,3.3,2.5,0.7,0.38481,0.878,
J NATL MED ASSOC,0027-9684,4004,2.5,0.83,3.2,2.5,0.4,0.9398,1.227,
AM J MANAG CARE,1088-0224,5128,2.5,0.76,2.8,2.4,0.3,1.58879,1.279,
J INVEST MED,1081-5589,2892,2.5,0.55,2.5,2.5,0.7,0.62282,0.657,
J AM BOARD FAM MED,1557-2625,4119,2.4,1.36,2.6,2.3,1.4,1.14863,1.062,
FAM PRACT,0263-2136,4970,2.4,1.04,2.4,2.3,0.3,0.90443,0.751,
CAN FAM PHYSICIAN,0008-350X,4626,2.4,0.77,3.5,2.1,2,0.81036,1.127,
BMJ OPEN,2044-6055,82146,2.4,0.68,2.7,2.3,0.4,33.01403,0.925,
MEDICINA-LITHUANIA,1010-660X,15115,2.4,0.67,2.7,2.3,0.5,4.85485,0.557,
J HOSP MED,1553-5592,3869,2.4,0.65,2.6,2,0.7,1.06268,0.945,
CURR MED RES OPIN,0300-7995,7701,2.4,0.5,2.5,2.3,0.6,1.43297,0.704,
EUR J GEN PRACT,1381-4788,1598,2.3,1.34,3.2,2.1,1,0.20014,0.789,
AM J MED SCI,0002-9629,6189,2.3,0.49,2.4,2.2,0.7,0.83782,0.658,
REV CLIN ESP,0014-2565,1007,2.3,0.49,1.9,2.1,0.5,0.19585,0.377,
INT J CLIN PRACT,1368-5031,8392,2.2,0.66,2.4,2.2,0.3,1.94562,0.58,
KOREAN J INTERN MED,1226-3303,3418,2.2,0.57,2.6,2.1,0.4,0.76911,0.625,
CLINICS,1807-5932,4860,2.2,0.5,2.4,2.1,0.5,0.7592,0.576,
J EVAL CLIN PRACT,1356-1294,5551,2.1,0.6,2.5,2,0.6,1.16559,0.782,
SWISS MED WKLY,1424-7860,3979,2.1,0.52,2.2,2,0.3,0.79405,0.643,
PATIENT PREFER ADHER,1177-889X,5908,2,0.57,2.4,1.9,0.4,1.39625,0.627,
SCAND J PRIM HEALTH,0281-3432,1688,1.9,0.8,2.5,1.6,0.3,0.30667,0.683,
J CHIN MED ASSOC,1726-4901,3400,1.9,0.7,2.3,1.5,1.8,0.71343,0.497,
WIEN KLIN WOCHENSCHR,0043-5325,3010,1.9,0.54,2.1,1.8,0.5,0.67269,0.633,
BALK MED J,2146-3123,1151,1.9,0.45,2.3,1.7,1.7,0.19105,0.457,
FAM MED,0742-3225,2817,1.8,0.89,1.8,1.3,0.7,0.47651,0.632,
ATEN PRIM,0212-6567,1479,1.8,0.82,1.6,1.6,0.3,0.2212,0.316,
LIBYAN J MED,1993-2820,588,1.8,0.56,1.9,1.8,0.3,0.07346,0.383,
CHRONIC ILLN,1742-3953,957,1.8,0.51,1.9,1.8,0.2,0.26228,0.63,
INTERN MED J,1444-0903,5118,1.8,0.5,1.9,1.7,0.3,1.33482,0.551,
ISR MED ASSOC J,1565-1088,2551,1.8,0.32,1.3,1.7,0.1,0.56452,0.425,
SINGAP MED J,0037-5675,4006,1.7,0.51,2.2,1.6,1.4,0.39582,0.506,
OPEN MED-WARSAW,2391-5463,2102,1.7,0.48,1.9,1.7,0.2,0.51006,0.375,
IRISH J MED SCI,0021-1265,3716,1.7,0.45,1.8,1.6,0.5,1.15373,0.458,
SAUDI MED J,0379-5284,4770,1.7,0.45,1.9,1.7,0.3,0.5525,0.377,
TOHOKU J EXP MED,0040-8727,3187,1.7,0.42,1.8,1.6,0.3,0.38053,0.41,
AUST J GEN PRACT,2208-794X,1266,1.6,0.97,2,1.5,0.9,0.6637,0.623,
UPSALA J MED SCI,0300-9734,1408,1.5,0.57,2.9,1.4,0.2,0.26015,0.964,
ANN SAUDI MED,0256-4947,2441,1.5,0.51,1.7,1.5,0.2,0.18962,0.377,
CROAT MED J,0353-9504,1923,1.5,0.41,1.8,1.4,1.2,0.25938,0.506,
SAMJ S AFR MED J,0256-9574,4442,1.5,0.36,1.7,1.4,0.3,0.75876,0.489,
BRATISL MED J,0006-9248,1976,1.5,0.33,1.3,1.4,0.3,0.31962,0.251,
J RES MED SCI,1735-1995,3380,1.5,0.32,1.7,1.4,0.1,0.33039,0.383,
SCOT MED J,0036-9330,719,1.4,0.67,1.5,1.3,1.3,0.09709,0.447,
BMJ MILITARY HEALTH,2633-3767,685,1.4,0.47,1.5,1.1,0.8,0.26179,0.37,
SAO PAULO MED J,1516-3180,1469,1.3,0.38,1.3,1.2,0.4,0.23827,0.321,
MEDICINE,0025-7974,59749,1.3,0.35,1.6,1.3,0.2,15.84859,0.395,
MED KLIN-INTENSIVMED,2193-6218,591,1.3,0.33,1,1.1,0.2,0.15351,0.197,
J FAM PRACTICE,0094-3509,1729,1.3,0.13,0.6,1.2,0.1,0.1083,0.227,
PAK J MED SCI,1682-024X,5097,1.2,0.52,1.6,1,0.5,0.923,0.294,
TURK J MED SCI,1300-0144,3360,1.2,0.4,1.6,1.2,0.1,0.80008,0.332,
MIL MED,0026-4075,7257,1.2,0.36,1.4,1,0.2,1.59361,0.391,
J NIPPON MED SCH,1345-4676,848,1.2,0.34,1,1.1,0.4,0.14692,0.235,
REV ASSOC MED BRAS,0104-4230,2862,1.2,0.31,1.4,1,0.3,0.64145,0.288,
INT J OSTEOPATH MED,1746-0689,551,1.1,0.46,1.6,0.5,0.5,0.047,0.181,
ACTA CLIN BELG,1784-3286,1250,1.1,0.29,1.3,1.1,0.1,0.31132,0.362,
ARCH IRAN MED,1029-2977,2342,1,0.35,1.7,1,0.1,0.35123,0.356,
INTERNAL MED,0918-2918,7802,1,0.3,1,1,0.4,1.31153,0.265,
J POSTGRAD MED,0022-3859,1423,1,0.29,1.5,0.9,0.5,0.1465,0.395,
WORLD J CLIN CASES,2307-8960,5873,1,0.26,1.1,0.9,0.2,1.91094,0.25,
SOUTH MED J,0038-4348,3792,1,0.25,1,0.9,0.2,0.33899,0.338,
BRIT J HOSP MED,1750-8460,1549,1,0.21,1.3,1,0.3,0.41624,0.335,
MED PROBL PERFORM AR,0885-1158,864,0.9,1.81,1.3,0.8,0.1,0.09259,0.328,
AFR HEALTH SCI,1680-6905,3612,0.8,0.36,1.3,0.8,1.1,0.63924,0.309,
ACTA MEDICA PORT,0870-399X,1278,0.8,0.24,1.2,0.7,0.5,0.29408,0.294,
JAAPA-J AM ACAD PHYS,1547-1896,994,0.8,0.23,1.3,0.7,0.2,0.27594,0.305,
ORVOSI HETILAP,0030-6002,1469,0.8,0.2,0.6,0.3,0.2,0.13824,0.06,
J PAK MED ASSOC,0030-9982,4846,0.8,0.14,1,0.7,0.1,0.79865,0.2,
NIGER J CLIN PRACT,1119-3077,2700,0.7,0.29,1.1,0.7,0.1,0.60339,0.233,
JCPSP-J COLL PHYSICI,1022-386X,2885,0.7,0.21,0.9,0.7,0.2,0.56974,0.187,
COLOMB MEDICA,1657-9534,491,0.7,0.2,1.2,0.7,0.1,0.09373,0.354,
ACTA CLIN CROAT,0353-9466,1277,0.7,0.17,1.2,0.6,<0.1,0.32562,0.271,
REV MED INTERNE,0248-8663,1253,0.7,0.15,0.8,0.6,0.2,0.1643,0.16,
MED SPORT,0025-7826,311,0.6,0.24,0.5,0.2,0.2,0.03786,0.071,
INNERE MED,2731-7080,549,0.6,0.21,0.5,0.6,0.1,0.10503,0.105,
MEDICINA-BUENOS AIRE,0025-7680,882,0.6,0.14,0.7,0.5,0.1,0.16536,0.144,
DEUT MED WOCHENSCHR,0012-0472,1729,0.6,0.11,0.5,0.5,0.1,0.13012,0.083,
GAC MED MEX,0016-3813,763,0.6,0.1,0.7,0.6,0.5,0.12029,0.139,
REV MED CHILE,0034-9887,2032,0.5,0.11,0.7,0.5,<0.1,0.27285,0.147,
IRAN RED CRESCENT ME,2074-1804,2177,0.4,0.13,0.5,0.4,<0.1,0.11572,0.098,
LAEKNABLADID,0023-7213,194,0.4,0.11,0.4,0.4,0.1,0.02201,0.081,
NATL MED J INDIA,2583-150X,856,0.4,0.09,0.8,0.4,0.2,0.10425,0.211,
HIPPOKRATIA,1108-4189,1116,0.3,0.1,0.7,0.3,,0.04625,0.165,
TERAPEVT ARKH,0040-3660,659,0.3,0.06,0.3,0.2,<0.1,0.10948,0.057,
B ACAD NAT MED PARIS,0001-4079,464,0.3,0.05,0.3,0.1,0.1,0.03719,0.039,
VOJNOSANIT PREGL,0042-8450,776,0.2,0.08,0.2,0.2,0.1,0.07309,0.046,
SRP ARK CELOK LEK,0370-8179,553,0.2,0.06,0.2,0.1,<0.1,0.03924,0.035,
W INDIAN MED J,0043-3144,775,0.2,0.05,0.2,0.2,<0.1,0.01439,0.035,
KUWAIT MED J,1607-8047,119,0.1,0.02,0.1,0.1,<0.1,0.01421,0.022,
MINERVA MED,0026-4806,1613,,0.87,,,,0.32479,0.623,
PANMINERVA MED,0031-0808,1195,,0.69,,,,0.20473,0.496,
NAT REV CARDIOL,1759-5002,18575,41.7,7.04,46.5,41.2,6.3,7.04068,14.949,
EUR HEART J,0195-668X,84437,37.6,7.74,32.6,35.1,7.7,29.52248,12.217,
CIRCULATION,0009-7322,173789,35.5,8.42,32.7,34.8,8.4,39.88993,13.841,
J AM COLL CARDIOL,0735-1097,115262,21.7,5.15,24.2,20.8,5.7,32.82904,10.222,
EUR J HEART FAIL,1388-9842,21438,16.9,3.77,16.2,14.3,3.6,8.01582,6.012,
CIRC RES,0009-7330,62714,16.5,4.22,20.3,16.2,3.1,11.50517,6.589,
JAMA CARDIOL,2380-6583,13191,14.8,5.6,16,14.6,3.9,8.97277,7.752,
JACC-CARDIOVASC IMAG,1936-878X,16404,12.8,3.43,13.4,12.1,6.5,6.58575,5.194,
JACC-CARDIOONCOL,2666-0873,1975,12,2.12,11.7,11.4,2.8,1.17513,4.159,
JACC-CARDIOVASC INTE,1936-8798,17069,11.7,2.79,10.6,10.6,3.7,6.91363,4.288,
JACC-HEART FAIL,2213-1779,8056,10.3,3.03,12.1,9.7,4.2,4.12227,5.82,
CARDIOVASC RES,0008-6363,26702,10.2,2.62,10.6,10,2,5.52895,3.086,
CIRC-ARRHYTHMIA ELEC,1941-3149,9251,9.1,1.95,7.9,8.9,2.4,3.24618,3.613,
JACC-BASIC TRANSL SC,2452-302X,3724,8.4,2.13,8.7,8.1,3,1.77834,2.922,
EUR J PREV CARDIOL,2047-4873,10318,8.4,1.92,7.1,7.6,2.3,3.69216,2.245,
JACC-CLIN ELECTROPHY,2405-500X,5965,8,1.88,7.5,7.4,2.6,3.54222,3.292,
EUROPACE,1099-5129,15769,7.9,1.82,6.3,5.9,2.4,4.78919,2.023,
CIRC-HEART FAIL,1941-3289,10036,7.8,2.11,9.7,7.7,2,3.86177,4.769,
EUROINTERVENTION,1774-024X,7240,7.6,1.88,5.9,7,3.6,3.04031,2.49,
BASIC RES CARDIOL,0300-8428,5180,7.5,2.15,7.8,7,1.9,1.01498,2.03,
TRENDS CARDIOVAS MED,1050-1738,4023,7.3,2.26,7.3,7.1,5.4,0.86149,1.88,
EUR HEART J-CARD IMG,2047-2404,10763,6.7,1.79,6.6,5.8,1.2,3.76697,2.515,
J CARD FAIL,1071-9164,6923,6.7,1.45,5.8,6.1,2.2,2.23256,2.515,
CIRC-CARDIOVASC IMAG,1941-9651,7458,6.5,1.72,8.2,6.3,1.7,2.05428,3.385,
J HEART LUNG TRANSPL,1053-2498,13731,6.4,2.01,7.7,5.9,1.6,4.0617,3.01,
CIRC-CARDIOVASC QUAL,1941-7705,7534,6.2,1.45,8.3,6,1.4,3.48749,4.297,
CIRC-CARDIOVASC INTE,1941-7640,6964,6.1,1.54,6.5,5.9,1.4,2.62669,2.832,
CIRC-GENOM PRECIS ME,2574-8300,2154,6,1.54,6.6,5.7,1.4,1.86485,3.279,
CAN J CARDIOL,0828-282X,9156,5.8,1.39,5.4,5.3,2.1,2.7602,1.879,
HEART RHYTHM,1547-5271,15444,5.6,1.55,5.4,5.3,2.6,4.29786,2.087,
PROG CARDIOVASC DIS,0033-0620,5840,5.6,0.9,6.9,4.9,2.7,1.48457,2.129,
J CARDIOVASC COMPUT,1934-5925,3046,5.5,1.52,4.4,4.9,1.5,0.84674,1.412,
J AM SOC ECHOCARDIOG,0894-7317,12505,5.4,1.47,5.7,4.6,2.2,2.24722,2.071,
EUR HEART J-CARD PHA,2055-6837,1629,5.3,1.67,5.1,4.5,1.4,0.73836,1.598,
HEART,1355-6037,20276,5.1,1.41,5.6,4.8,1.6,4.68372,2.107,
J THORAC CARDIOV SUR,0022-5223,29846,4.9,2.03,4.9,4.6,3,5.41462,1.809,
ATHEROSCLEROSIS,0021-9150,24255,4.9,1.21,5.3,4.7,1.6,3.93443,1.519,
J MOL CELL CARDIOL,0022-2828,14266,4.9,1.07,4.7,4.8,0.8,2.10073,1.296,
EUR HEART J-QUAL CAR,2058-5225,1808,4.8,1.49,4.7,4.7,1.2,1.12012,1.909,
HEART FAIL REV,1382-4147,4806,4.5,1.07,4.5,4.4,0.6,1.32344,1.21,
J CARDIOVASC MAGN R,1097-6647,6296,4.2,1.53,5.5,4.1,<0.1,1.62725,2.023,
AM J PHYSIOL-HEART C,0363-6135,26147,4.1,1.26,4.5,3.8,1.1,2.89992,1.273,
EUR HEART J-ACUTE CA,2048-8726,2863,3.9,1.0,3.8,3.6,1.2,1.38862,1.457,
CLIN RES CARDIOL,1861-0684,5035,3.8,1.16,3.9,3.6,0.6,1.80981,1.274,
AM HEART J,0002-8703,17529,3.7,1.14,3.6,3.6,0.8,3.35742,1.859,
KARDIOL POL,0022-9032,3394,3.7,0.64,3.9,2.7,1.6,1.02632,0.97,
ANN THORAC SURG,0003-4975,35375,3.6,1.39,3.8,3.3,2.4,6.47653,1.416,
RESP MED,0954-6111,13530,3.5,0.97,3.7,3.4,0.6,2.36992,1.047,
CARDIOVASC TOXICOL,1530-7905,1971,3.4,0.88,3,3.4,0.6,0.35844,0.561,
CARDIOVASC THER,1755-5914,1745,3.4,0.8,3.2,3.4,0.6,0.3334,0.73,
ANN CARDIOTHORAC SUR,2225-319X,2545,3.3,0.92,3.6,3.2,0.9,0.69026,1.191,
NUTR METAB CARDIOVAS,0939-4753,8864,3.3,0.89,3.5,3.2,0.9,1.89897,0.843,
J CARDIOPULM REHABIL,1932-7501,2500,3.3,0.76,3.2,2.4,1.4,0.63133,0.971,
INT J CARDIOL,0167-5273,31772,3.2,0.91,3.2,3,1,6.29459,1.036,
ESC HEART FAIL,2055-5822,7184,3.2,0.89,3.5,3,0.5,3.91259,1.163,
EUR J CARDIO-THORAC,1010-7940,17568,3.1,1.05,3.5,2.9,1.2,3.43177,1.203,
CARDIOVASC DRUG THER,0920-3206,3282,3.1,0.8,3.3,3,0.5,0.82155,0.823,
CIRC J,1346-9843,10183,3.1,0.78,3.1,2.8,1.5,1.9158,0.905,
CURR CARDIOL REP,1523-3782,4535,3.1,0.6,3.3,3.1,0.6,1.43245,0.916,
GLOB HEART,2211-8160,2290,3,0.78,3.5,2.9,0.3,0.57026,1.086,
J NUCL CARDIOL,1071-3581,4777,3,0.78,2.9,2.2,0.8,1.37068,0.778,
CURR PROB CARDIOLOGY,0146-2806,3006,3,0.74,3.5,2.8,1.2,0.84436,0.914,
KOREAN CIRC J,1738-5520,1860,3,0.71,2.8,2.3,1.4,0.44149,0.706,
EUR J CARDIOVASC NUR,1474-5151,2961,2.9,0.89,3.2,2.4,1.7,0.74889,0.883,
J CARDIOVASC MED,1558-2027,2320,2.9,0.61,2,2,0.8,0.45214,0.451,
CARDIOVASC INTER RAD,0174-1551,7200,2.8,0.76,2.6,2.5,0.8,1.33512,0.679,
FRONT CARDIOVASC MED,2297-055X,21848,2.8,0.73,3.1,2.6,0.5,9.3283,0.802,
AM J CARDIOVASC DRUG,1175-3277,1509,2.8,0.7,2.6,2.7,0.6,0.36945,0.723,
HELL J CARDIOL,1109-9666,1051,2.7,0.64,2.8,2.7,1,0.2196,0.638,
SEMIN THORAC CARDIOV,1043-0679,2133,2.6,0.83,2.2,2.5,1.5,0.79556,0.887,
J CARDIOVASC PHARM,0160-2446,5765,2.6,0.68,2.5,2.5,0.7,0.67502,0.517,
CARDIOL CLIN,0733-8651,1582,2.6,0.58,2.3,2.6,0.3,0.30271,0.631,
CARDIOL J,1897-5593,1807,2.5,0.73,2.3,2.4,0.6,0.4298,0.528,
HEART FAIL CLIN,1551-7136,1358,2.5,0.72,2.6,2.5,0.2,0.37718,0.768,
J CARDIOL,0914-5087,4370,2.5,0.66,2.5,2.5,1.1,1.10938,0.722,
J CARDIOVASC PHARM T,1074-2484,1484,2.5,0.56,2.3,2.4,0.6,0.28027,0.553,
CARDIORENAL MED,1664-3828,789,2.4,1.02,2.3,2.2,0.4,0.18355,0.589,
HEART LUNG,0147-9563,3445,2.4,0.85,2.4,2.3,0.8,0.75325,0.638,
J CARDIOVASC TRANSL,1937-5387,2571,2.4,0.64,2.9,2.3,0.6,0.66313,0.711,
CLIN CARDIOL,0160-9289,5624,2.4,0.62,2.7,2.3,0.5,1.29484,0.8,
CARDIOVASC PATHOL,1054-8807,2140,2.3,0.9,2,2.1,0.5,0.27534,0.519,
J THROMB THROMBOLYS,0929-5305,4494,2.3,0.83,2.5,2.3,0.4,1.34108,0.7,
J CARDIOTHOR VASC AN,1053-0770,8010,2.3,0.69,2.2,2,0.8,2.3802,0.644,
J CARDIOVASC ELECTR,1045-3873,8467,2.3,0.68,2.7,2.1,0.7,2.30131,0.949,
AM J CARDIOL,0002-9149,32162,2.3,0.62,2.3,2.2,0.6,4.31949,0.878,
ARCH CARDIOVASC DIS,1875-2136,1995,2.3,0.57,2.3,2.2,0.6,0.48369,0.748,
HEART LUNG CIRC,1443-9506,4315,2.2,0.57,2.5,2.2,0.8,1.43617,0.764,
PULM CIRC,2045-8932,2798,2.2,0.52,2.5,2,0.4,0.93558,0.767,
CATHETER CARDIO INTE,1522-1946,10757,2.1,0.61,2.2,2,0.5,3.25255,0.791,
ANN THORAC MED,1817-1737,1002,2.1,0.54,2,2.1,0.4,0.16095,0.508,
J INTERV CARD ELECTR,1383-875X,3108,2.1,0.53,1.9,1.8,0.6,1.04225,0.578,
CARDIOVASC DIAGN THE,2223-3652,2531,2.1,0.46,2.7,2,0.4,0.72413,0.676,
ACTA CARDIOL,0001-5385,1594,2.1,0.42,1.7,1.3,1.7,0.28015,0.33,
ARQ BRAS CARDIOL,0066-782X,3840,2,0.58,2,1.6,1.4,0.53752,0.406,
BMC CARDIOVASC DISOR,1471-2261,8006,2,0.55,2.3,2,0.4,2.39523,0.592,
CARDIOL REV,1061-5377,1395,2,0.45,2.3,2,1.2,0.2665,0.648,
CURR OPIN CARDIOL,0268-4705,2471,2,0.39,2,2,0.5,0.50069,0.605,
CARDIOLOGY,0008-6312,2591,1.9,0.45,1.9,1.9,0.3,0.39628,0.557,
REV CARDIOVASC MED,1530-6550,1752,1.9,0.44,2.2,1.7,0.2,0.56738,0.455,
J GERIATR CARDIOL,1671-5411,2057,1.8,0.44,2.7,1.7,0.5,0.56684,0.78,
CARDIOL RES PRACT,2090-8016,1239,1.8,0.42,1.9,1.7,<0.1,0.30957,0.44,
ACTA CARDIOL SIN,1011-6842,919,1.8,0.4,1.7,1.4,0.5,0.19025,0.355,
J CARDIOVASC NURS,0889-4655,2415,1.7,0.8,2.2,1.5,0.9,0.41266,0.603,
NETH HEART J,1568-5888,1718,1.7,0.48,2.1,1.6,1,0.4203,0.646,
EUR HEART J SUPPL,1520-765X,1268,1.7,0.39,1.6,1.6,0.7,0.48514,0.5,
PACE,0147-8389,5441,1.7,0.35,1.7,1.6,0.3,1.04175,0.597,
INTERACT CARDIOV TH,1569-9293,6066,1.6,0.52,1.7,1.6,,1.57302,0.592,
CARDIOVASC ENG TECHN,1869-408X,1042,1.6,0.41,2.1,1.6,0.5,0.26582,0.48,
J INTERV CARDIOL,0896-4327,1645,1.6,0.41,1.9,1.6,0.3,0.44618,0.574,
REV PORT CARDIOL,0870-2551,1296,1.6,0.4,1.5,1.4,1.4,0.23955,0.316,
J INVASIVE CARDIOL,1042-3931,1947,1.6,0.38,1.5,1.5,0.3,0.53031,0.552,
ECHOCARDIOGR-J CARD,0742-2822,3785,1.6,0.33,1.7,1.5,0.2,0.8047,0.477,
PEDIATR CARDIOL,0172-0643,5323,1.5,0.57,1.6,1.3,0.2,1.24448,0.559,
INT J CARDIOVAS IMAG,1569-5794,4604,1.5,0.51,1.9,1.5,0.4,1.39558,0.577,
CORONARY ARTERY DIS,0954-6928,1823,1.5,0.43,1.4,1.5,0.6,0.30809,0.375,
POSTEP KARDIOL INTER,1734-9338,466,1.5,0.25,1.1,1.2,0.3,0.10392,0.213,
MINERVA CARDIOL ANGI,2724-5683,592,1.4,0.45,1,1.2,0.6,0.13683,0.235,
HEART VESSELS,0910-8327,2941,1.4,0.4,1.4,1.2,0.4,0.82681,0.405,
J CARDIOVASC SURG,0021-9509,1888,1.4,0.39,1.5,1.3,0.5,0.41057,0.521,
ANATOL J CARDIOL,2149-2263,1734,1.4,0.34,1.4,1.2,0.8,0.33268,0.312,
THORAC CARDIOV SURG,0171-6425,2119,1.3,0.48,1.4,1.3,0.3,0.46011,0.416,
J CARDIAC SURG,0886-0440,4108,1.3,0.47,1.5,1.3,<0.1,1.6076,0.475,
J ELECTROCARDIOL,0022-0736,3109,1.3,0.35,1.3,1.2,0.3,0.64545,0.384,
SCAND CARDIOVASC J,1401-7431,1043,1.2,0.38,1.9,1.2,0.1,0.26163,0.615,
INT HEART J,1349-2365,2254,1.2,0.35,1.3,1.1,0.3,0.58965,0.335,
ANN THORAC CARDIOVAS,1341-1098,1184,1.1,0.47,1.4,1.1,0.2,0.22529,0.435,
BRAZ J CARDIOV SURG,0102-7638,1389,1.1,0.38,1.2,1,0.3,0.29311,0.269,
GEN THORAC CARDIOVAS,1863-6705,2232,1.1,0.37,1.2,1,0.2,0.61483,0.329,
ANN NONINVAS ELECTRO,1082-720X,1592,1.1,0.36,1.3,1.1,0.3,0.27465,0.327,
HERZ,0340-9937,1403,1.1,0.3,1.4,1.1,0.3,0.28247,0.33,
PERFUSION-UK,0267-6591,2146,1.1,0.28,1.4,1,0.2,0.58036,0.385,
CARDIOL YOUNG,1047-9511,3915,0.9,0.33,1,0.8,0.2,1.02487,0.3,
TEX HEART I J,0730-2347,1938,0.8,0.16,1,0.7,0.2,0.17325,0.347,
HEART SURG FORUM,1098-3511,832,0.7,0.22,0.7,0.7,0.1,0.22253,0.178,
CARDIOVASC J AFR,1995-1892,1164,0.7,0.18,0.8,0.7,0.2,0.14122,0.234,
KARDIOLOGIYA,0022-9040,553,0.5,0.13,0.4,0.4,0.1,0.07945,0.049,
CONGENIT HEART DIS,1747-079X,1804,0.3,0.09,1.6,0.3,0.1,0.44008,0.603,
J AM ACAD DERMATOL,0190-9622,36661,12.8,3.65,11.5,11.9,4,8.03343,3.635,
JAMA DERMATOL,2168-6068,9976,11.5,3.79,10.6,11,2.4,4.19716,4.072,
BRIT J DERMATOL,0007-0963,30809,11,3.59,9.4,10.2,2.5,5.66182,2.982,
AM J CLIN DERMATOL,1175-0561,5833,8.6,2.42,7.8,8.3,1.7,1.54905,2.227,
J EUR ACAD DERMATOL,0926-9959,19895,8.4,1.96,7.1,7.6,1.8,5.28882,1.941,
BURNS TRAUMA,2321-3868,2051,6.3,2.26,6.7,6,1.1,0.52368,1.302,
ADV WOUND CARE,2162-1918,4665,5.8,1.6,7.8,5.7,0.8,0.67088,1.639,
J INVEST DERMATOL,0022-202X,32419,5.7,2.27,6.6,5.4,1.8,4.54423,2.031,
J DTSCH DERMATOL GES,1610-0379,4221,5.5,1.29,5.1,3.3,0.9,0.76339,0.985,
CONTACT DERMATITIS,0105-1873,7292,4.8,1.1,4.6,3.4,0.9,0.7203,0.777,
MYCOSES,0933-7407,5793,4.1,1.54,4.1,3.9,0.8,1.42534,1.091,
DERMATITIS,1710-3568,2148,4,1.63,3.9,3.5,0.9,0.50145,1.018,
PIGM CELL MELANOMA R,1755-1471,4805,3.9,0.79,3.6,3.9,0.3,0.65897,1.151,
J DERMATOL SCI,0923-1811,6313,3.8,1.33,4.3,3.8,0.9,0.80638,1.052,
WOUND REPAIR REGEN,1067-1927,6991,3.8,1.0,4,3.8,0.3,0.56082,0.841,
DERMATOL THER,1396-0296,7546,3.7,1.06,3.3,3.7,0.2,2.56165,0.799,
CLIN EXP DERMATOL,0307-6938,6332,3.7,0.8,3.4,3.4,0.9,1.19999,0.942,
EXP DERMATOL,0906-6705,9297,3.5,1.28,4,3.3,0.7,1.88316,1.075,
DERMATOLOGY THER,2193-8210,2955,3.5,1.06,3.6,3.2,0.8,1.1111,0.997,
ACTA DERM-VENEREOL,0001-5555,7813,3.5,1.03,4,3.4,0.7,1.53308,1.163,
INT J DERMATOL,0011-9059,9740,3.5,0.72,3.1,3.3,0.6,1.70051,0.85,
BURNS,0305-4179,9860,3.2,0.91,3,2.8,0.9,1.12205,0.574,
INDIAN J DERMATOL VE,0378-6323,3064,3.2,0.65,3.1,3.1,1.7,0.41265,0.794,
J CUTAN MED SURG,1203-4754,1795,3.1,0.73,2.4,2.9,0.7,0.45142,0.739,
ANN DERMATOL VENER,0151-9638,1200,3.1,0.34,1,2.8,1.1,0.18819,0.254,
DERMATOLOGY,1018-8665,5970,3,1.18,3.9,2.9,0.7,0.93916,1.192,
J DERMATOL TREAT,0954-6634,4554,2.9,1.03,2.8,2.8,1,1.42564,0.776,
J DERMATOL,0385-2407,7562,2.9,0.88,3.4,2.7,0.5,1.69721,0.881,
SKIN PHARMACOL PHYS,1660-5527,2310,2.8,0.9,3.6,2.6,0.5,0.24131,0.728,
INT J COSMETIC SCI,0142-5463,3476,2.7,0.66,3.2,2.6,0.3,0.33694,0.55,
INT WOUND J,1742-4801,6935,2.6,1.07,3.5,2.3,0.5,1.24809,0.743,
AN BRAS DERMATOL,0365-0596,3615,2.6,0.73,2.3,2.4,1,0.56177,0.556,
DERMATOL SURG,1076-0512,9160,2.5,0.8,2.7,2.2,0.5,1.35224,0.813,
PHOTODERMATOL PHOTO,0905-4383,2067,2.5,0.7,3,2.4,0.4,0.33201,0.671,
DERMATOL PRACT CONCE,2160-9381,1063,2.5,0.66,2.4,2.4,0.3,0.30853,0.587,
J TISSUE VIABILITY,0965-206X,1485,2.4,1.16,2.9,2,0.6,0.30364,0.513,
CLIN DERMATOL,0738-081X,4619,2.3,1.05,3.1,2.3,1.2,0.65541,0.799,
J COSMET DERMATOL-US,1473-2130,7765,2.3,0.74,2.5,2,0.5,2.24017,0.512,
DERMATOL SIN,1027-8117,418,2.3,0.55,1.2,1.9,1.4,0.09986,0.34,
LASER SURG MED,0196-8092,5656,2.2,0.96,2.5,2,0.4,0.69035,0.612,
DERMATOL CLIN,0733-8635,2857,2.2,0.91,2.8,2.2,0.3,0.41419,0.805,
AUSTRALAS J DERMATOL,0004-8380,2612,2.2,0.53,2.3,2.1,0.4,0.61781,0.633,
CUTIS,0011-4162,2049,2.1,0.35,1.7,2,0.7,0.354,0.512,
SKIN RES TECHNOL,0909-752X,3379,2,0.76,2.3,1.7,0.5,0.46788,0.457,
EUR J DERMATOL,1167-1122,3121,2,0.52,2.6,2,0.2,0.44521,0.675,
CLIN COSMET INV DERM,1178-7015,3283,1.9,0.74,2.4,1.8,0.5,0.81412,0.568,
VET DERMATOL,0959-4493,2876,1.9,0.73,2,1.4,0.2,0.25242,0.319,
ARCH DERMATOL RES,0340-3696,4933,1.8,0.84,2.4,1.8,0.4,0.83198,0.671,
ITAL J DERMATOL VENE,2784-8671,273,1.8,0.62,1.8,1.7,0.6,0.10064,0.418,
ADV SKIN WOUND CARE,1527-7941,2160,1.7,0.77,2.3,1.6,0.3,0.34356,0.458,
J CUTAN PATHOL,0303-6987,4277,1.6,0.56,1.5,1.5,0.3,0.67632,0.382,
INT J LOW EXTR WOUND,1534-7346,1735,1.5,0.61,1.9,1.3,0.5,0.32851,0.376,
J WOUND CARE,0969-0700,3773,1.5,0.59,2,1.3,0.3,0.49659,0.357,
J DRUGS DERMATOL,1545-9616,3426,1.5,0.55,1.6,1.5,2.2,0.77441,0.471,
MELANOMA RES,0960-8931,2333,1.5,0.55,1.9,1.4,0.4,0.4146,0.561,
ANN DERMATOL,1013-9087,2128,1.5,0.51,1.8,1.4,0.1,0.32735,0.481,
J BURN CARE RES,1559-047X,4297,1.5,0.49,1.7,1.2,0.4,0.6189,0.352,
WOUNDS,1044-7946,1416,1.4,0.43,1.5,1.2,0.3,0.193,0.314,
POSTEP DERM ALERGOL,1642-395X,1828,1.4,0.38,1.7,1.4,0.3,0.39791,0.349,
PEDIATR DERMATOL,0736-8046,4875,1.2,0.56,1.4,1.2,0.2,1.03592,0.43,
J COSMET LASER THER,1476-4172,1323,1.2,0.54,1.7,1.1,0.1,0.22518,0.499,
AM J DERMATOPATH,0193-1091,3481,1.1,0.44,1.2,1,0.2,0.50277,0.317,
WOUND MANAG PREV,2640-5237,197,1,0.44,1.2,1,0.5,0.07796,0.279,
INDIAN J DERMATOL,0019-5154,2681,1,0.37,1.4,1,0.2,0.30692,0.353,
DERMATOLOGIE,2731-7005,1286,0.8,0.24,0.9,0.7,0.3,0.20285,0.192,
LEPROSY REV,0305-7518,754,0.8,0.19,0.5,0.5,0.2,0.0396,0.11,
ACTA DERMATOVENER CR,1330-027X,516,0.6,0.1,1.1,0.6,<0.1,0.08679,0.287,
J COSMET SCI,1525-7886,553,0.2,0.08,0.5,0.2,<0.1,0.02606,0.08,
HONG KONG J DERMATOL,1814-7453,30,0.1,0.03,0.1,0.1,<0.1,0.00309,0.026,
LANCET NEUROL,1474-4422,47501,46.5,10.99,51.6,45.7,11,12.10541,17.633,
NAT REV NEUROL,1759-4758,19986,28.2,5.97,43.7,27.9,6,6.46855,15.004,
JAMA NEUROL,2168-6149,20770,20.4,7.19,20.4,20.1,4.1,9.52915,8.297,
NEURO-ONCOLOGY,1522-8517,23201,16.4,3.38,14.9,15.8,1.6,7.7108,5.08,
ALZHEIMERS DEMENT,1552-5260,28971,13,3.55,16,12,1.9,9.61923,5.31,
SLEEP MED REV,1087-0792,13516,11.2,1.79,12.7,11,1.8,3.32724,4.064,
BRAIN,0006-8950,60668,10.6,3.32,12.5,10.2,2.4,12.91338,4.746,
ACTA NEUROPATHOL,0001-6322,25777,9.3,3.09,13.1,9.1,2.6,5.26076,4.939,
J NEUROL NEUROSUR PS,0022-3050,32313,8.7,2.68,9.5,8.6,1.3,4.85117,3.323,
JPAD-J PREV ALZHEIM,2274-5807,2110,8.5,1.88,6.9,8,1.2,1.21793,2.509,
ANN NEUROL,0364-5134,36745,8.1,2.65,9.9,8,1.6,6.40613,3.908,
NEUROL-NEUROIMMUNOL,2332-7812,5525,7.8,2.4,7.5,7.5,4.4,2.38357,2.45,
STROKE,0039-2499,72261,7.8,2.14,8.2,7.3,2.2,12.60385,2.819,
NEUROLOGY,0028-3878,95734,7.7,2.46,8.7,7.4,2.6,16.5627,3.205,
BRAIN STIMUL,1935-861X,10766,7.6,1.81,8.2,6.9,1.4,3.35036,2.657,
MOVEMENT DISORD,0885-3185,32145,7.4,1.89,8.3,6.7,1.4,5.38943,2.549,
CNS DRUGS,1172-7047,6454,7.4,1.46,6.4,7.2,1,1.37874,1.821,
J HEADACHE PAIN,1129-2369,8166,7.3,1.92,7.7,6.2,1.9,2.3595,2.032,
EPILEPSIA,0013-9580,31016,6.6,1.83,6.2,5.8,1.5,4.79173,1.964,
INT J STROKE,1747-4930,7547,6.3,1.66,6.3,5.8,1.4,2.45263,2.227,
EUR NEUROPSYCHOPHARM,0924-977X,8533,6.1,1.27,5.3,5.6,2,1.91597,1.74,
J STROKE,2287-6391,2201,6,1.44,7,5.8,2.9,0.65897,2.347,
PAIN,0304-3959,40292,5.9,2.04,7.1,5.5,1.9,5.61847,2.225,
BRAIN PATHOL,1015-6305,6493,5.8,1.8,6,5.7,0.7,1.2368,1.845,
EUR STROKE J,2396-9873,1957,5.8,1.36,5.9,5.5,0.8,1.25424,2.564,
EPILEPSY CURR,1535-7597,1191,5.8,1.01,7.1,4.8,1.7,0.30568,2.377,
NEUROTHERAPEUTICS,1933-7213,8591,5.6,1.39,6.9,5.5,1.3,2.20383,1.843,
HEADACHE,0017-8748,10529,5.4,1.29,5.2,4.7,1.2,2.00009,1.513,
PROG NEURO-PSYCHOPH,0278-5846,14042,5.3,1.43,4.9,5.1,0.7,3.26519,1.407,
SLEEP,0161-8105,28718,5.3,1.35,5.7,4.9,1.6,4.40062,1.93,
CEPHALALGIA,0333-1024,13079,5,1.35,6.9,4.4,2,2.73599,2.025,
PSYCHIAT CLIN NEUROS,1323-1316,5231,5,1.05,6.9,4.8,1,1.02429,1.885,
BIPOLAR DISORD,1398-5647,4831,5,0.99,5.9,4.3,1.2,1.03034,2.107,
SPINE J,1529-9430,13354,4.9,1.7,4.6,4.6,1,3.00747,1.468,
J AFFECT DISORDERS,0165-0327,60556,4.9,1.47,5.4,4.6,0.9,16.70126,1.525,
J NEUROL,0340-5354,23157,4.8,1.32,4.8,4.6,0.9,5.99718,1.448,
MULT SCLER J,1352-4585,13242,4.8,1.3,4.9,4.3,0.8,3.19221,1.572,
CURR NEUROL NEUROSCI,1528-4042,5245,4.8,0.84,6,4.7,0.6,1.3475,1.734,
THER ADV NEUROL DISO,1756-2856,2786,4.7,1.3,4.9,4.6,0.6,1.03412,1.531,
EUR J NEUROL,1351-5101,16584,4.5,1.3,4.9,4.3,0.9,4.51416,1.499,
J PSYCHOPHARMACOL,0269-8811,8630,4.5,1.28,4.5,4.2,1,1.7033,1.431,
INT J NEUROPSYCHOPH,1461-1457,6971,4.5,1.15,4.7,4.5,0.6,1.22477,1.48,
STROKE VASC NEUROL,2059-8688,2374,4.4,1.57,6,4.3,0.6,1.06681,2.017,
ANN CLIN TRANSL NEUR,2328-9503,6720,4.4,1.36,5.1,4.3,0.6,3.01356,1.696,
J NEURODEV DISORD,1866-1947,2224,4.1,1.12,4.7,4,0.6,0.73075,1.674,
PAIN THER,2193-8237,1595,4.1,0.9,4.2,3.9,0.7,0.60582,1.055,
CURR OPIN NEUROL,1350-7540,6345,4.1,0.76,5,4,0.8,1.43839,1.56,
NEUROPATH APPL NEURO,0305-1846,4431,4,1.19,5.1,4,0.7,0.92346,1.645,
J PAIN,1526-5900,12485,4,1.15,5,3.7,1,1.94252,1.637,
NEUROSURGERY,0148-396X,28340,3.9,1.56,4.1,3.7,1.5,3.81844,1.402,
NEUROL THER,2193-8253,1592,3.9,1.11,4.4,3.7,0.9,0.62521,1.182,
J NEUROTRAUM,0897-7151,16731,3.9,0.93,6.1,3.6,0.8,3.11112,1.808,
J PERIPHER NERV SYST,1085-9489,2011,3.9,0.91,3.4,3.5,0.6,0.38098,1.046,
CLIN AUTON RES,0959-9851,2200,3.9,0.87,4.4,3.6,0.8,0.48677,1.184,
TRANSL STROKE RES,1868-4483,4021,3.8,1.3,5.1,3.6,0.6,1.11768,1.237,
SLEEP MED,1389-9457,16757,3.8,1.28,4,3.6,0.5,3.56619,1.169,
DEV MED CHILD NEUROL,0012-1622,15327,3.8,1.24,4.7,3.3,1.3,2.39222,1.461,
NEUROSPINE,2586-6583,1749,3.8,1.16,3.9,2.6,1,0.74143,0.977,
NEUROREHAB NEURAL RE,1545-9683,6733,3.7,1.52,4.9,3.6,0.5,1.05132,1.477,
CLIN NEUROPHYSIOL,1388-2457,21112,3.7,1.03,3.9,3.5,1,2.8219,1.196,
J NEUROL SCI,0022-510X,19160,3.6,0.9,3.2,3.6,0.3,2.84132,0.994,
J NEUROSURG,0022-3085,36630,3.5,1.65,4.1,3.2,1.6,5.10631,1.322,
J CLIN SLEEP MED,1550-9389,11730,3.5,1.08,4.2,3.3,1.1,2.71111,1.305,
EUR ARCH PSY CLIN N,0940-1334,5593,3.5,1.05,4.1,3.3,0.6,1.41186,1.22,
EUR J PAIN,1090-3801,8847,3.5,1.03,3.8,3.2,0.6,1.67746,1.158,
NEUROSCIENTIST,1073-8584,5700,3.5,0.94,5.7,3.5,1.2,0.79004,1.717,
NEUROGASTROENT MOTIL,1350-1925,9684,3.5,0.84,3.4,3,0.8,1.9861,1.01,
SLEEP HEALTH,2352-7218,3433,3.4,1.14,4.4,3.2,0.7,1.18556,1.451,
J SLEEP RES,0962-1105,9539,3.4,0.99,4,3.1,0.9,2.24612,1.233,
KOREAN J PAIN,2005-9159,1181,3.4,0.87,3.2,3.1,0.9,0.25869,0.725,
CNS SPECTRUMS,1092-8529,3454,3.4,0.82,3.7,3.4,1.1,0.71502,1.064,
EXPERT REV NEUROTHER,1473-7175,5307,3.4,0.64,4.6,3.3,0.8,0.88127,1.204,
NEUROSURG FOCUS,1092-0684,9942,3.3,1.24,4.4,3.2,0.5,1.98162,1.394,
J NEUROGASTROENTEROL,2093-0879,2459,3.3,0.81,3.9,3.1,0.7,0.54923,1.028,
NEUROEPIDEMIOLOGY,0251-5350,4283,3.2,1.09,4.3,3.1,0.4,0.65036,1.34,
PEDIATR NEUROL,0887-8994,6406,3.2,1.01,3.3,3,0.3,1.28446,1.099,
J NEUROPATH EXP NEUR,0022-3069,9153,3.2,0.85,3.1,2.9,0.8,1.00388,1.072,
J NEURO-ONCOL,0167-594X,14904,3.2,0.84,3.7,3,0.8,3.00335,1.13,
J NEURAL TRANSM,0300-9564,8612,3.2,0.78,3.7,3,0.9,1.24417,0.946,
J NEUROMUSCULAR DIS,2214-3599,1509,3.2,0.78,,3,0.9,0.63401,,
NEUROMODULATION,1094-7159,4926,3.2,0.76,3.5,2.8,1.7,1.23034,0.999,
CURR PAIN HEADACHE R,1531-3433,3793,3.2,0.64,3.9,3,0.4,0.81117,1.056,
AM J NEURORADIOL,0195-6108,23271,3.1,0.97,3.5,2.9,0.7,3.25787,1.069,
PARKINSONISM RELAT D,1353-8020,12504,3.1,0.97,3.8,3,0.6,2.52367,1.06,
NEUROCRIT CARE,1541-6933,6439,3.1,0.81,3.2,2.8,1,1.69139,1.013,
CLIN NEUROPSYCHOL,1385-4046,4538,3,1.11,3.6,2.6,0.4,0.96068,1.103,
J NEURORADIOLOGY,0150-9861,1538,3,1.02,2.9,2.8,1.4,0.38932,0.82,
NEUROL-GENET,2376-7839,1618,3,0.9,3.1,3,1.3,0.77481,1.208,
NAT SCI SLEEP,1179-1608,2754,3,0.85,3.7,2.9,0.5,1.04434,1.064,
J NEUROSURG-SPINE,1547-5654,10097,2.9,1.18,3.4,2.7,0.7,2.17978,1.123,
MULT SCLER RELAT DIS,2211-0348,8701,2.9,0.94,3.2,2.5,0.6,3.46968,0.842,
NEUROLOGIA,0213-4853,1912,2.9,0.83,2.8,2.8,1.1,0.37998,0.675,
ACTA NEUROL SCAND,0001-6314,7434,2.9,0.78,3,2.9,0.2,1.17655,0.952,
J GERIATR PSYCH NEUR,0891-9887,2440,2.9,0.69,3.1,2.8,0.4,0.47444,0.885,
J CLIN NEUROL,1738-6586,2147,2.9,0.66,2.8,2.8,1,0.4432,0.748,
NEUROL NEUROCHIR POL,0028-3843,1409,2.9,0.66,2,1.8,1.4,0.2299,0.35,
CAN J NEUROL SCI,0317-1671,3717,2.9,0.59,2.6,2.7,0.4,0.68365,0.8,
MUSCLE NERVE,0148-639X,13270,2.8,0.77,3.1,2.6,0.6,1.77469,0.89,
REV NEUROL-FRANCE,0035-3787,3270,2.8,0.66,2.9,2.7,1.1,0.76031,0.83,
AM J ALZHEIMERS DIS,1533-3175,2582,2.7,0.77,3.2,2.6,0.3,0.39799,0.9,
BEHAV NEUROL,0953-4180,2196,2.7,0.77,3.1,2.5,0.4,0.40464,0.752,
SEIZURE-EUR J EPILEP,1059-1311,8354,2.7,0.74,3,2.5,0.7,1.95849,0.9,
NEUROL SCI,1590-1874,11450,2.7,0.73,2.7,2.6,0.5,3.15123,0.707,
FRONT NEUROL,1664-2295,39260,2.7,0.72,3.3,2.6,0.5,16.31014,0.928,
NEUROPHYSIOL CLIN,0987-7053,1827,2.7,0.72,3.1,2.5,0.8,0.37898,0.978,
BRAIN TUMOR PATHOL,1433-7398,762,2.7,0.68,2.6,2.4,0.4,0.16579,0.715,
NEUROMUSCULAR DISORD,0960-8966,5866,2.7,0.66,3.2,2.5,0.5,1.15281,1.01,
J NEUROL PHYS THER,1557-0576,1471,2.6,1.53,3.8,2.5,1.3,0.27546,1.197,
SPINE,0362-2436,44884,2.6,1.14,3.2,2.4,1,3.60965,1.016,
PAIN PHYSICIAN,1533-3159,5774,2.6,0.98,3.1,2.3,0.4,1.1096,0.821,
CLIN J PAIN,0749-8047,7556,2.6,0.95,3.5,2.5,0.8,1.02888,1.048,
EUR SPINE J,0940-6719,19798,2.6,0.93,3.1,2.3,0.4,3.02882,0.896,
GLOB SPINE J,2192-5682,5229,2.6,0.86,3.2,2.4,0.4,2.1874,1.016,
J INT NEUROPSYCH SOC,1355-6177,7278,2.6,0.85,2.8,2.5,0.5,0.97183,0.953,
MOV DISORD CLIN PRAC,2330-1619,2597,2.6,0.67,3.5,2.3,0.6,0.97491,1.029,
NEUROSURG REV,0344-5607,4993,2.5,0.81,2.8,2.4,0.4,1.55338,0.822,
PAIN PRACT,1530-7085,3302,2.5,0.75,2.8,2.3,0.4,0.66224,0.804,
AMYOTROPH LAT SCL FR,2167-8421,4285,2.5,0.69,3.1,2.2,0.4,0.74476,0.928,
J MOV DISORD,2005-940X,762,2.5,0.69,3.1,2.4,0.9,0.21256,0.91,
J PAIN RES,1178-7090,7049,2.5,0.68,2.8,2.4,0.5,2.092,0.712,
PAIN RES MANAG,1203-6765,3179,2.5,0.68,3.2,2.5,0.5,0.76303,0.767,
J HEAD TRAUMA REHAB,0885-9701,4405,2.4,1.07,2.7,2.2,1.7,0.8049,1.005,
NEUROL MED-CHIR,0470-8105,3479,2.4,0.89,2.2,2.3,0.2,0.40651,0.61,
CLIN NEURORADIOL,1869-1439,1735,2.4,0.75,2.5,2.3,0.4,0.68768,0.786,
NEURORADIOLOGY,0028-3940,6559,2.4,0.69,2.6,2.3,0.4,1.35043,0.78,
J NEUROPSYCH CLIN N,0895-0172,3736,2.4,0.68,2.8,2.2,1.1,0.38308,0.878,
NEUROL CLIN,0733-8619,3126,2.4,0.65,3.4,2.4,0.3,0.49478,0.945,
SEMIN PEDIATR NEUROL,1071-9091,1455,2.4,0.52,2.6,2.4,0.7,0.28235,0.768,
J NEUROSURG ANESTH,0898-4921,1827,2.3,1.25,2.4,2.1,1.5,0.3118,0.711,
EUR J PAEDIATR NEURO,1090-3798,3665,2.3,0.99,2.6,2.2,0.6,0.92176,0.893,
EPILEPSY BEHAV,1525-5050,15015,2.3,0.74,2.5,2,0.5,3.30766,0.683,
BRAIN TOPOGR,0896-0267,3228,2.3,0.7,3.3,2.1,0.8,0.65508,1.083,
J CLIN NEUROPHYSIOL,0736-0258,3774,2.3,0.65,2.1,2.1,0.9,0.53052,0.755,
J NEUROIMAGING,1051-2284,2928,2.3,0.62,2.3,2.2,0.4,0.68162,0.672,
BEHAV SLEEP MED,1540-2002,2346,2.2,0.68,2.9,2.2,0.4,0.58851,0.944,
CEREBROVASC DIS,1015-9770,5674,2.2,0.58,2.5,2.1,0.3,0.66881,0.803,
DEMENT GERIATR COGN,1420-8008,4511,2.2,0.56,3,2.2,0.5,0.52149,0.926,
J NEUROSURG-PEDIATR,1933-0707,5737,2.1,0.82,2.4,1.8,0.5,1.19151,0.752,
SPINAL CORD,1362-4393,7548,2.1,0.82,2.6,2,0.3,1.0623,0.794,
PARKINSONS DIS-US,2090-8083,2091,2.1,0.71,2.8,2.1,0.5,0.38807,0.729,
SLEEP BREATH,1520-9512,5438,2.1,0.58,2.5,1.9,0.3,1.42539,0.691,
PSYCHIAT RES-NEUROIM,0925-4927,5209,2.1,0.57,2.2,2,0.3,0.71317,0.718,
EUR NEUROL,0014-3022,3451,2.1,0.5,2,2.1,0.5,0.41139,0.626,
NEUROSURG CLIN N AM,1042-3680,2623,2,0.88,2.9,1.9,0.2,0.45777,0.874,
J CHILD NEUROL,0883-0738,6200,2,0.71,2.1,1.9,0.2,0.71699,0.69,
J NEURO-OPHTHALMOL,1070-8022,2499,2,0.7,2.5,1.9,1.2,0.59778,0.795,
EPILEPSY RES,0920-1211,7339,2,0.63,2.3,2,0.4,1.13653,0.679,
ACTA NEUROL BELG,0300-9009,2414,2,0.48,2.2,2,0.3,0.81999,0.627,
CURR NEUROVASC RES,1567-2026,1464,2,0.47,2,1.8,0.7,0.18853,0.356,
OTOL NEUROTOL,1531-7129,11264,1.9,0.85,2.1,1.6,0.5,1.91868,0.571,
ACTA NEUROCHIR,0001-6268,11427,1.9,0.79,2.2,1.7,0.4,2.05161,0.658,
WORLD NEUROSURG,1878-8750,28960,1.9,0.68,2,1.7,0.5,9.59445,0.533,
EPILEPTIC DISORD,1294-9361,2183,1.9,0.64,2.1,1.8,0.4,0.57351,0.682,
NEURODEGENER DIS,1660-2854,1504,1.9,0.52,2.8,1.9,1.4,0.14191,0.725,
J CLIN NEUROSCI,0967-5868,11631,1.9,0.5,1.9,1.9,0.3,2.56441,0.52,
ANN INDIAN ACAD NEUR,0972-2327,2071,1.9,0.35,1.7,1.8,0.4,0.39063,0.459,
CLIN NEUROL NEUROSUR,0303-8467,8736,1.8,0.65,1.8,1.7,0.3,2.22017,0.541,
SEMIN NEUROL,0271-8235,3042,1.8,0.63,4,1.7,0.3,0.6904,1.124,
ALZ DIS ASSOC DIS,0893-0341,3736,1.8,0.62,2.5,1.7,0.3,0.47828,0.871,
J CLIN EXP NEUROPSYC,1380-3395,5203,1.8,0.61,2.2,1.7,0.3,0.45333,0.711,
J SPINAL CORD MED,1079-0268,3691,1.8,0.53,2,1.6,0.3,0.71036,0.588,
HUM PSYCHOPHARM CLIN,0885-6222,1866,1.8,0.5,1.7,1.8,0.2,0.15371,0.488,
CURR ALZHEIMER RES,1567-2050,4773,1.8,0.43,2.9,1.7,0.4,0.62516,0.644,
CURR TREAT OPTION NE,1092-8480,1484,1.8,0.37,2.4,1.8,0.3,0.33296,0.766,
OPER NEUROSURG,2332-4252,2982,1.7,0.73,2,1.5,0.6,1.16099,0.576,
NEUROREHABILITATION,1053-8135,3391,1.7,0.65,2.1,1.6,0.4,0.57248,0.599,
NEUROL RES,0161-6412,4629,1.7,0.5,2.2,1.7,0.3,0.64419,0.526,
CLIN SPINE SURG,2380-0186,2554,1.6,0.64,1.9,1.5,0.4,0.95765,0.648,
CHILD NEUROPSYCHOL,0929-7049,2721,1.6,0.55,2.1,1.4,0.5,0.41227,0.654,
NEUROGENETICS,1364-6745,1132,1.6,0.55,2,1.6,0.2,0.20802,0.751,
J NERV MENT DIS,0022-3018,7886,1.6,0.47,1.8,1.5,0.3,0.69002,0.534,
CLIN EEG NEUROSCI,1550-0594,1483,1.6,0.44,1.9,1.5,0.5,0.31928,0.521,
APHASIOLOGY,0268-7038,3311,1.5,0.77,2.1,1.3,0.1,0.41307,0.519,
J NEUROSCI NURS,0888-0395,1227,1.5,0.71,1.6,1.1,0.3,0.18233,0.392,
NEUROCHIRURGIE,0028-3770,1407,1.5,0.52,1.6,1.2,0.5,0.29259,0.412,
INTERV NEURORADIOL,1591-0199,2373,1.5,0.45,1.7,1.3,0.3,0.67208,0.489,
BRAIN DEV-JPN,0387-7604,4092,1.4,0.62,1.5,1.3,0.5,0.48614,0.403,
J KOREAN NEUROSURG S,2005-3711,2661,1.4,0.54,1.7,1.4,0.5,0.38375,0.466,
APPL NEUROPSYCH-ADUL,2327-9095,1599,1.4,0.47,1.6,1.2,0.3,0.61476,0.495,
APPL NEUROPSYCH-CHIL,2162-2965,726,1.4,0.44,1.5,1.4,0.1,0.26509,0.493,
J NEUROSURG SCI,0390-5616,1207,1.3,0.55,1.6,1.2,0.6,0.33849,0.452,
NEUROPATHOLOGY,0919-6544,1918,1.3,0.48,1.7,1.3,0.2,0.3067,0.473,
CHILD NERV SYST,0256-7040,7742,1.3,0.47,1.5,1.1,0.2,1.35541,0.408,
COGN BEHAV NEUROL,1543-3633,854,1.3,0.43,1.5,1.2,0.3,0.11607,0.475,
NEUROSCIENCES,1319-6138,834,1.2,0.27,1.2,1.1,0.3,0.13454,0.304,
DEV NEUROREHABIL,1751-8423,1355,1.1,0.51,1.9,1.1,0.3,0.33393,0.591,
NEUROPEDIATRICS,0174-304X,1802,1.1,0.43,1.4,1.1,0.5,0.30852,0.473,
SCHMERZ,0932-433X,885,1.1,0.38,1,1,0.2,0.12168,0.256,
NEUROLOGIST,1074-7931,1058,1.1,0.34,1.1,1.1,0.5,0.13033,0.276,
BRAIN IMPAIR,1443-9646,494,1.1,0.33,1.4,1,0.4,0.12593,0.479,
BRIT J NEUROSURG,0268-8697,3651,1,0.34,1.1,0.9,0.3,0.65645,0.307,
SLEEP BIOL RHYTHMS,1446-9235,940,1,0.32,1.2,0.9,0.4,0.15629,0.313,
NOROPSIKIYATRI ARS,1300-0667,956,1,0.25,1.3,1,0.2,0.20496,0.35,
TURK NEUROSURG,1019-5149,1715,0.9,0.35,0.9,0.8,0.2,0.28496,0.222,
J NEUROL SURG PART A,2193-6315,977,0.9,0.32,1,0.8,0.4,0.26514,0.291,
NERVENARZT,0028-2804,1623,0.9,0.32,0.9,0.8,0.3,0.28041,0.235,
PEDIATR NEUROSURG,1016-2291,1992,0.9,0.27,0.9,0.9,0.2,0.16874,0.283,
IDEGGYOGY SZEMLE,0019-1442,269,0.9,0.21,0.6,0.8,0.1,0.06053,0.133,
CLIN NEUROPATHOL,0722-5091,724,0.8,0.27,0.9,0.8,0.2,0.0637,0.246,
REV NEUROLOGIA,0210-0010,1590,0.8,0.27,0.9,0.7,0.2,0.23935,0.227,
CLIN NEUROPHARMACOL,0362-5664,1911,0.8,0.17,1.1,0.8,0.3,0.1435,0.317,
NEUROCASE,1355-4794,1003,0.6,0.22,0.9,0.6,<0.1,0.12083,0.268,
FORTSCHR NEUROL PSYC,0720-4299,609,0.6,0.16,0.6,0.5,0.3,0.0732,0.137,
Z NEUROPSYCHOL,1016-264X,127,0.5,0.15,0.4,0.1,1.1,0.01434,0.088,
KLIN NEUROPHYSIOL,1434-0275,67,0.3,0.1,0.3,<0.1,0.2,0.00595,0.04,
NEUROL ASIA,1823-6138,286,0.2,0.06,0.2,0.2,0.1,0.04433,0.054,
PROG RETIN EYE RES,1350-9462,11987,18.6,4.45,20.3,17.9,4.3,2.65025,6.122,
OPHTHALMOLOGY,0161-6420,43813,13.1,5.14,12.4,12.6,2.7,6.89917,4.662,
JAMA OPHTHALMOL,2168-6165,9859,7.8,3.33,7.5,7.3,3.7,3.46454,2.867,
OCUL SURF,1542-0124,6354,5.9,2.54,5.9,5.3,2.1,1.2211,1.456,
SURV OPHTHALMOL,0039-6257,7190,5.1,1.39,5.9,5,1.4,1.22129,1.827,
INVEST OPHTH VIS SCI,0146-0404,56224,5,1.63,4.9,4.6,0.7,6.11134,1.379,
ANNU REV VIS SCI,2374-4642,1508,5,0.96,7.1,4.9,1,0.72291,3.271,
CLIN EXP OPHTHALMOL,1442-6404,4537,4.9,1.42,4,4.4,0.9,0.91686,1.202,
AM J OPHTHALMOL,0002-9394,28113,4.1,2.01,4.3,3.9,1.1,4.71015,1.58,
CONTACT LENS ANTERIO,1367-0484,3019,4.1,1.76,3.3,3.5,1.5,0.66263,0.767,
EYE VISION,2326-0246,1419,4.1,1.65,4.1,4,0.5,0.47501,1.197,
BRIT J OPHTHALMOL,0007-1161,23818,3.7,1.94,3.9,3.7,0.6,4.20507,1.302,
CAN J OPHTHALMOL,0008-4182,2696,3.3,1.1,2.3,3.2,1.5,0.515,0.748,
EXP EYE RES,0014-4835,15576,3,1.46,3.3,2.8,0.4,2.32135,0.758,
ACTA OPHTHALMOL,1755-375X,11491,3,1.11,3.2,2.8,0.5,2.51426,0.98,
CURR OPIN OPHTHALMOL,1040-8738,4330,3,0.75,3.6,2.9,0.8,0.85646,1.194,
J REFRACT SURG,1081-597X,4849,2.9,1.25,3,2.5,0.6,0.90225,0.963,
OPHTHAL PHYSL OPT,0275-5408,4748,2.8,1.16,3.5,2.2,0.5,0.73835,0.961,
EYE,0950-222X,14868,2.8,1.02,3.5,2.6,0.8,3.35304,1.088,
J CATARACT REFR SURG,0886-3350,12825,2.6,1.27,2.9,2.3,1.1,1.92247,0.949,
TRANSL VIS SCI TECHN,2164-2591,5603,2.6,1.24,3,2.4,0.5,2.4999,0.874,
DOC OPHTHALMOL,0012-4486,2000,2.6,1.04,2.1,2.3,0.4,0.27997,0.585,
OPHTHALMOL THER,2193-8245,1763,2.6,0.98,3,2.5,0.8,0.76882,0.923,
OCUL IMMUNOL INFLAMM,0927-3948,5013,2.6,0.94,2.8,2.1,0.6,1.44026,0.709,
GRAEF ARCH CLIN EXP,0721-832X,11383,2.4,0.99,2.7,2.3,0.5,2.53628,0.778,
RETINA-J RET VIT DIS,0275-004X,12344,2.3,1.28,2.7,2.1,0.6,2.2702,0.806,
INDIAN J OPHTHALMOL,0301-4738,8183,2.1,0.95,2.2,1.8,0.5,2.1935,0.527,
JPN J OPHTHALMOL,0021-5155,2493,2.1,0.94,2.1,2,0.6,0.46091,0.628,
OPHTHALMOLOGICA,0030-3755,2570,2.1,0.92,2.2,2,0.2,0.37313,0.694,
OPHTHALMIC RES,0030-3747,2168,2,0.92,2.1,1.9,0.5,0.45921,0.606,
EYE CONTACT LENS,1542-2321,2793,2,0.87,2.3,1.8,0.6,0.65536,0.627,
J GLAUCOMA,1057-0829,5587,2,0.87,2,1.7,0.4,1.13989,0.606,
J VISION,1534-7362,9152,2,0.84,2,1.6,0.5,1.32399,0.719,
CORNEA,0277-3740,11823,1.9,1.09,2.3,1.7,0.7,1.5539,0.595,
J OCUL PHARMACOL TH,1080-7683,2769,1.9,0.84,3.4,1.8,0.4,0.37228,0.758,
INT J OPHTHALMOL-CHI,2222-3959,4294,1.9,0.64,1.8,1.4,0.3,1.06276,0.433,
SEMIN OPHTHALMOL,0882-0538,2144,1.9,0.63,2,1.8,0.7,0.55095,0.635,
J OPHTHALMOL,2090-004X,5048,1.8,0.63,1.9,1.8,0.3,1.38609,0.547,
MOL VIS,1090-0535,5215,1.8,0.59,2,1.8,0.1,0.32775,0.548,
CURR EYE RES,0271-3683,6341,1.7,0.83,2.2,1.7,0.3,1.07666,0.584,
CLIN EXP OPTOM,0816-4622,3117,1.7,0.67,2.4,1.6,0.3,0.75067,0.674,
OPHTHAL EPIDEMIOL,0928-6586,2352,1.7,0.65,1.9,1.6,0.2,0.50695,0.705,
OPTOMETRY VISION SCI,1040-5488,7208,1.6,0.67,1.9,1.5,0.5,0.719,0.572,
CUTAN OCUL TOXICOL,1556-9527,1007,1.6,0.55,1.7,1.5,0.1,0.1524,0.337,
PERCEPTION,0301-0066,4711,1.6,0.49,1.6,1.4,0.2,0.33881,0.562,
VISION RES,0042-6989,13295,1.5,0.6,1.7,1.4,0.6,0.661,0.593,
INT OPHTHALMOL,0165-5701,4818,1.4,0.61,1.6,1.4,0.2,1.65324,0.45,
EUR J OPHTHALMOL,1120-6721,5209,1.4,0.6,1.6,1.4,0.2,1.62042,0.48,
J EYE MOVEMENT RES,1995-8692,739,1.3,0.64,2,1.1,0.2,0.17885,0.558,
OPHTHAL PLAST RECONS,0740-9303,3739,1.2,0.65,1.4,1,0.4,0.57613,0.394,
J AAPOS,1091-8531,3263,1.2,0.6,1.2,1.1,0.3,0.5314,0.42,
J FR OPHTALMOL,0181-5512,1601,1.2,0.37,1.2,1.1,0.3,0.351,0.306,
OPHTHALMIC GENET,1381-6810,1366,1.2,0.36,1.4,1.1,0.2,0.43685,0.453,
ARQ BRAS OFTALMOL,0004-2749,1255,1.1,0.38,1,1.1,0.6,0.25269,0.313,
VISUAL NEUROSCI,0952-5238,1800,1.1,0.32,2.2,1.1,0.8,0.08554,0.859,
J PEDIAT OPHTH STRAB,0191-3913,1494,1,0.43,1.1,0.8,0.2,0.2418,0.37,
OSLI RETINA,2325-8160,2501,0.9,0.43,1,0.9,0.2,0.39234,0.325,
KLIN MONATSBL AUGENH,0023-2165,1457,0.8,0.36,0.7,0.7,0.3,0.25398,0.19,
OPHTHALMOLOGIE,2731-720X,1431,0.8,0.24,0.8,0.6,0.3,0.21409,0.152,
INT FORUM ALLERGY RH,2042-6976,6031,7.2,2.89,5.3,6.3,1,1.43189,1.259,
JAMA OTOLARYNGOL,2168-6181,6678,6,2.69,6.7,5.7,1.5,2.25235,2.224,
RHINOLOGY,0300-0729,4053,4.8,2.56,4.2,4.3,1.7,0.53952,0.999,
CLIN EXP OTORHINOLAR,1976-8710,1301,2.9,1.54,2.6,2.8,0.5,0.27914,0.65,
J VESTIBUL RES-EQUIL,0957-4271,1911,2.9,1.25,2.8,2.8,0.5,0.24623,0.747,
EAR HEARING,0196-0202,7836,2.6,1.77,3.1,2.3,0.8,1.34986,0.99,
J OTOLARYNGOL-HEAD N,1916-0216,2607,2.6,1.56,2.7,2.5,0.4,0.45037,0.749,
OTOLARYNG HEAD NECK,0194-5998,17540,2.6,1.39,3.3,2.4,0.4,2.82526,1.011,
TRENDS HEAR,2331-2165,1608,2.6,1.24,3.3,2.4,0.6,0.64633,1.062,
AM J RHINOL ALLERGY,1945-8924,4280,2.5,1.39,2.4,2.2,1.3,0.49134,0.556,
HEARING RES,0378-5955,9917,2.5,1.23,2.9,2.2,0.5,1.34965,0.881,
J VOICE,0892-1997,7629,2.5,1.17,2.2,2.3,1.3,0.83538,0.468,
JARO-J ASSOC RES OTO,1525-3961,2251,2.4,0.9,2.4,2.2,0.7,0.33353,0.818,
HEAD NECK-J SCI SPEC,1043-3074,14597,2.3,1.35,2.8,2.2,0.4,2.6884,0.781,
DYSPHAGIA,0179-051X,5358,2.2,1.15,2.6,2,0.3,0.78667,0.662,
LARYNGOSCOPE,0023-852X,28078,2.2,0.89,2.6,2,0.3,4.19729,0.727,
ACTA OTORHINOLARYNGO,0392-100X,2294,2.1,1.08,2.1,2.1,0.4,0.33972,0.511,
EUR ARCH OTO-RHINO-L,0937-4477,13535,1.9,1.23,2.2,1.8,0.4,2.76878,0.567,
EUR ANN OTORHINOLARY,1879-7296,1603,1.9,1.03,2,1.4,0.7,0.30853,0.459,
CURR OPIN OTOLARYNGO,1068-9508,2525,1.9,0.69,2.1,1.9,0.5,0.381,0.598,
AM J OTOLARYNG,0196-0709,4994,1.8,1.12,1.8,1.7,0.3,1.23638,0.479,
INT J AUDIOL,1499-2027,4931,1.8,0.99,2.2,1.5,0.2,0.82921,0.628,
BRAZ J OTORHINOLAR,1808-8694,2650,1.7,1.22,1.8,1.6,0.3,0.47781,0.438,
CLIN OTOLARYNGOL,1749-4478,4312,1.7,0.87,2.2,1.6,0.3,0.71087,0.608,
AURIS NASUS LARYNX,0385-8146,3380,1.6,1.02,1.6,1.5,0.6,0.63033,0.419,
LARYNGOSCOPE INVEST,2378-8038,2006,1.6,0.83,2.2,1.5,0.2,0.85223,0.604,
AUDIOL NEUROTOL,1420-3030,2210,1.6,0.65,1.7,1.5,0.2,0.22033,0.507,
ORL J OTO-RHINO-LARY,0301-1569,626,1.5,0.74,1.4,1.4,0.5,0.16744,0.357,
AM J AUDIOL,1059-0889,1538,1.4,0.85,1.6,1.3,0.5,0.39334,0.5,
OTOLARYNG CLIN N AM,0030-6665,3584,1.3,0.69,2,1.3,0.3,0.5357,0.594,
ANN OTO RHINOL LARYN,0003-4894,7466,1.3,0.67,1.5,1.2,0.3,0.81786,0.452,
ACTA OTO-LARYNGOL,0001-6489,7068,1.2,0.66,1.4,1.1,0.4,0.53387,0.383,
INT J PEDIATR OTORHI,0165-5876,10213,1.2,0.66,1.5,1.1,0.2,1.70479,0.415,
J LARYNGOL OTOL,0022-2151,6607,1.1,0.76,1.3,1,0.2,0.70594,0.332,
FOLIA PHONIATR LOGO,1021-7762,1351,1.1,0.62,1.1,1.1,0.3,0.10706,0.283,
J AM ACAD AUDIOL,1050-0545,2594,1,0.6,1.5,1,1,0.31575,0.504,
J INT ADV OTOL,1308-7649,929,1,0.52,1.2,0.9,0.2,0.26934,0.326,
ENT-EAR NOSE THROAT,0145-5613,3380,1,0.49,1.3,1,0.1,0.88237,0.324,
LARYNGO RHINO OTOL,0935-8943,843,0.9,0.4,0.9,0.6,0.3,0.089,0.161,
HNO,0017-6192,1288,0.8,0.44,0.9,0.6,0.2,0.1799,0.174,
LOGOP PHONIATR VOCO,1401-5439,566,0.7,0.44,1.1,0.7,<0.1,0.09756,0.35,
JAMA PEDIATR,2168-6203,18881,24.7,7.79,20.4,24.2,4.5,8.81556,8.659,
LANCET CHILD ADOLESC,2352-4642,7476,19.9,10.06,19.8,19.7,4.2,4.63932,7.381,
J AM ACAD CHILD PSY,0890-8567,20111,9.2,3.31,10.8,8.8,4.5,3.24055,4.27,
CHILD ADOL MENT H-UK,1475-357X,2019,6.8,1.13,5.2,6.5,1,0.62269,1.577,
PEDIATRICS,0031-4005,79027,6.2,2.95,7.1,5.9,1.6,14.13807,2.807,
WORLD J PEDIATR,1708-8569,3207,6.1,1.72,5.4,6,1.1,0.96219,1.335,
EUR CHILD ADOLES PSY,1018-8827,9748,6,1.74,5.5,5.7,0.6,3.07836,1.779,
J ADOLESCENT HEALTH,1054-139X,19484,5.5,2.2,6.1,5.1,1.2,4.55341,2.049,
PAEDIATR RESPIR REV,1526-0542,2484,4.7,1.66,4,4.6,1.6,0.58036,1.266,
ARCH DIS CHILD,0003-9888,14647,4.3,1.49,3.9,4.2,0.7,2.38798,1.36,
PEDIAT ALLERG IMM-UK,0905-6157,5895,4.3,1.06,4.5,3.9,1.3,1.31121,1.185,
PEDIATR CRIT CARE ME,1529-7535,9217,4,1.31,3.8,2.8,2.6,2.03737,1.156,
ARCH DIS CHILD-FETAL,1359-2998,7089,3.9,1.76,4.5,3.6,0.6,1.70367,1.676,
J PEDIATR-US,0022-3476,34444,3.9,1.75,4.4,3.8,0.9,6.1816,1.625,
PEDIATR DIABETES,1399-543X,5403,3.9,1.21,3.9,3.6,0.1,2.1891,1.559,
PEDIATR DRUGS,1174-5878,1897,3.4,1.03,3.4,3.3,0.5,0.46314,0.98,
ITAL J PEDIATR,1720-8424,4139,3.2,1.32,3.2,2.8,0.6,1.12318,0.716,
SEMIN PERINATOL,0146-0005,4526,3.2,0.8,3.7,3.1,0.6,0.83113,1.271,
PEDIATR RES,0031-3998,18159,3.1,1.27,3.5,2.9,0.7,3.80087,1.127,
EUR J PEDIATR,0340-6199,11061,3,1.43,3.1,2.8,0.5,2.45936,0.878,
ACAD PEDIATR,1876-2859,5051,3,1.19,3.2,2.6,0.9,1.82975,1.263,
CURR PROB PEDIATR AD,1538-5442,1292,3,1.1,3.1,3,1.7,0.3682,1.123,
INT BREASTFEED J,1746-4358,2213,2.9,1.28,3.6,2.6,0.6,0.7236,1.038,
SEMIN FETAL NEONAT M,1744-165X,3334,2.9,1.18,4,2.9,1.3,0.74237,1.344,
CLIN PERINATOL,0095-5108,3105,2.9,0.96,3.3,2.9,0.4,0.51454,1.033,
PEDIATR INFECT DIS J,0891-3668,11227,2.9,0.92,2.4,2.7,0.9,2.14665,0.732,
J PEDIAT-BRAZIL,0021-7557,2979,2.8,1.75,2.8,2.7,0.7,0.59955,0.71,
BIRTH-ISS PERINAT C,0730-7659,2889,2.8,1.23,3.4,2.6,0.2,0.68118,1.175,
MATERN CHILD NUTR,1740-8695,5522,2.8,0.94,3.4,2.5,0.6,1.78102,1.12,
PEDIATR OBES,2047-6310,3246,2.7,1.38,3.3,2.6,0.6,1.06374,1.018,
PAEDIATR PERINAT EP,0269-5022,3566,2.7,1.03,3.2,2.5,1,0.81056,1.36,
PEDIATR PULM,8755-6863,9803,2.7,0.9,2.8,2.3,0.6,2.67216,0.848,
NEONATOLOGY,1661-7800,3697,2.6,1.05,3.2,2.4,1.2,0.97374,1.09,
PEDIATR NEPHROL,0931-041X,11302,2.6,0.95,3,2.2,0.5,2.48177,0.995,
HORM RES PAEDIAT,1663-2818,2938,2.6,0.73,2.9,2.5,1.2,0.70438,0.977,
J PEDIAT INF DIS SOC,2048-7193,2449,2.5,1.02,2.6,2.5,0.5,1.17029,0.999,
J PEDIATR HEALTH CAR,0891-5245,1809,2.5,0.96,2.5,2.3,0.4,0.42124,0.709,
J PEDIATR SURG,0022-3468,18869,2.4,1.12,2.4,2.1,0.8,2.83871,0.7,
ACTA PAEDIATR,0803-5253,14372,2.4,1.08,2.6,2.3,0.7,2.40088,0.844,
J PERINATOL,0743-8346,9240,2.4,1.0,2.7,2.2,0.5,2.24561,0.92,
J PEDIATR GASTR NUTR,0277-2116,13480,2.4,0.83,2.7,2,0.8,2.23832,0.797,
PEDIATR BLOOD CANCER,1545-5009,15512,2.4,0.67,2.9,2.1,0.6,3.66528,0.929,
INT J PAEDIATR DENT,0960-7439,3162,2.3,1.04,2.9,2.1,0.3,0.53014,0.647,
PEDIATR NEONATOL,1875-9572,2100,2.3,1.0,2.4,2.2,1,0.46326,0.603,
EUR J PAEDIATR DENT,1591-996X,1479,2.2,1.02,2.6,1.7,0.4,0.19831,0.41,
EARLY HUM DEV,0378-3782,6654,2.2,0.9,2.3,2.1,0.3,1.01281,0.727,
CURR OPIN PEDIATR,1040-8703,4355,2.2,0.78,3.1,2.2,1,0.96217,1.02,
J PEDIATR NURS,0882-5963,4805,2.1,1.13,2.4,1.9,0.7,1.23057,0.643,
INDIAN J PEDIATR,0019-5456,5043,2.1,1.07,2.8,1.8,0.8,0.90709,0.646,
J HUM LACT,0890-3344,2578,2.1,0.97,2.5,1.8,0.3,0.54931,0.74,
FRONT PEDIATR,2296-2360,16735,2.1,0.92,2.5,2,0.4,7.23121,0.701,
BREASTFEED MED,1556-8253,2765,2.1,0.88,2.9,1.9,0.5,0.68221,0.821,
PEDIATR CLIN N AM,0031-3955,4674,2.1,0.86,3,2,0.4,0.71622,0.944,
PEDIATR RADIOL,0301-0449,7293,2.1,0.8,2.3,1.9,0.6,1.39529,0.654,
J PEDIATR UROL,1477-5131,4955,2,0.7,2,1.7,0.7,1.10099,0.509,
J DEV BEHAV PEDIATR,0196-206X,4595,1.8,0.78,2.5,1.7,0.5,0.75546,0.88,
CHILD CARE HLTH DEV,0305-1862,4817,1.8,0.71,2.8,1.7,0.2,0.78149,0.823,
J TROP PEDIATRICS,0142-6338,2438,1.8,0.6,1.6,1.8,0.2,0.47806,0.465,
PAED CHILD HEALT-CAN,1205-7088,2558,1.8,0.43,2.3,1.6,0.1,0.53808,0.73,
INDIAN PEDIATR,0019-6061,3635,1.7,0.87,1.9,1.6,0.7,0.60095,0.493,
J PERINAT MED,0300-5577,3452,1.7,0.83,1.9,1.7,0.3,0.81214,0.573,
J PEDIATR ADOL GYNEC,1083-3188,2895,1.7,0.75,1.8,1.5,1,0.65481,0.599,
PEDIATR ANESTH,1155-5645,5356,1.7,0.63,2,1.4,0.4,0.77271,0.531,
J PAEDIATR CHILD H,1034-4810,5641,1.6,0.62,1.7,1.6,0.4,1.29855,0.529,
AM J PERINAT,0735-1631,5977,1.5,0.81,1.7,1.4,0.3,1.73386,0.577,
PHYS OCCUP THER PEDI,0194-2638,1440,1.5,0.8,2.3,1.4,0.4,0.25866,0.618,
TRANSL PEDIATR,2224-4336,2023,1.5,0.74,2.2,1.4,0.3,0.74118,0.585,
CHILD OBES,2153-2168,1826,1.5,0.72,3,1.5,0.3,0.57419,1.009,
AN PEDIATR,1695-4033,1424,1.5,0.69,1.7,1.4,0.5,0.33096,0.396,
PEDIATR SURG INT,0179-0358,5351,1.5,0.66,1.8,1.4,0.5,0.91746,0.503,
EUR J PEDIATR SURG,0939-7248,2149,1.5,0.63,1.7,1.5,0.3,0.38183,0.503,
J PERINAT NEONAT NUR,0893-2190,977,1.5,0.62,1.9,1.4,0.2,0.23404,0.663,
J CLIN RES PEDIATR E,1308-5727,1510,1.5,0.61,1.9,1.4,0.7,0.27201,0.489,
PEDIATR DENT,0164-1263,2749,1.5,0.58,1.8,1.4,0.5,0.22531,0.412,
J CLIN PEDIATR DENT,1053-4628,1687,1.5,0.57,1.4,1.4,0.4,0.17962,0.266,
J CHILD ADOL PSYCHOP,1044-5463,2896,1.5,0.55,3,1.4,0.4,0.43725,0.925,
J PEDIATR ORTHOPED,0271-6798,8934,1.4,0.73,1.8,1.2,0.4,1.34666,0.583,
PEDIATR EXERC SCI,0899-8493,1702,1.4,0.66,1.8,1.4,0.2,0.20672,0.514,
SEMIN PEDIATR SURG,1055-8586,2317,1.4,0.66,2.3,1.4,0.2,0.37456,0.682,
PAEDIATR INT CHILD H,2046-9047,806,1.4,0.56,1.7,1.4,0.3,0.17919,0.507,
ARCH PEDIATRIE,0929-693X,1738,1.3,0.68,1.5,1.3,0.3,0.38396,0.403,
PEDIATR DEVEL PATHOL,1093-5266,1633,1.3,0.68,1.5,1.2,0.1,0.27832,0.424,
J CHILD HEALTH CARE,1367-4935,1304,1.3,0.62,1.9,1.2,0.5,0.26369,0.48,
PEDIATR PHYS THER,0898-5669,1533,1.3,0.62,1.6,1.2,0.4,0.18398,0.406,
J CHILD ORTHOP,1863-2521,2063,1.3,0.6,1.7,1.2,0.4,0.42198,0.611,
J PEDIATR ENDOCR MET,0334-018X,3890,1.3,0.45,1.4,1.2,0.3,0.77672,0.41,
CONGENIT ANOM,0914-3505,690,1.3,0.4,1.1,1.2,0.2,0.11927,0.394,
PEDIATR EMERG CARE,0749-5161,4706,1.2,0.69,1.2,1.1,0.3,1.21581,0.398,
J SPEC PEDIATR NURS,1539-0136,782,1.2,0.54,1.7,1.2,0.1,0.11883,0.456,
PEDIATR TRANSPLANT,1397-3142,3887,1.2,0.48,1.5,1,0.4,0.97911,0.48,
KLIN PADIATR,0300-8630,885,1.2,0.34,1,1.2,0.3,0.08206,0.271,
PEDIATR HEMAT ONCOL,0888-0018,1505,1.2,0.34,1.5,1.2,0.2,0.2319,0.434,
PEDIATR ANN,0090-4481,1279,1.1,0.45,1.3,1.1,0.2,0.24261,0.351,
PEDIAT ALLER IMM PUL,2151-321X,386,1.1,0.29,1.4,1.1,0.1,0.0836,0.339,
ARCH DIS CHILDHOOD-E,1743-0585,888,1.1,0.27,1.3,1.1,0.3,0.21102,0.44,
CLIN PEDIATR,0009-9228,3819,1,0.48,1.4,1,0.2,0.63627,0.461,
PEDIATR INT,1328-8067,3946,1,0.48,1.2,0.9,0.2,0.68562,0.339,
MINERVA PEDIATR,2724-5276,932,1,0.38,1.1,1,0.3,0.18036,0.241,
J PEDIATR ORTHOP B,1060-152X,1963,0.9,0.53,1.1,0.8,0.4,0.3111,0.337,
J PEDIAT HEMATOL ONC,1077-4114,4253,0.9,0.31,1,0.8,0.2,0.65906,0.261,
TURKISH J PEDIATR,0041-4301,1499,0.8,0.32,0.9,0.8,0.1,0.27768,0.217,
FETAL PEDIATR PATHOL,1551-3815,639,0.7,0.31,0.8,0.7,0.2,0.16431,0.222,
Z GEBURTSH NEONATOL,0948-2393,297,0.7,0.28,0.7,0.6,0.1,0.06539,0.161,
ARCH ARGENT PEDIATR,0325-0075,1243,0.7,0.26,0.8,0.6,0.2,0.24828,0.161,
IRAN J PEDIATR,2008-2142,905,0.4,0.18,0.5,0.4,<0.1,0.07948,0.111,
MONATSSCHR KINDERH,0026-9298,537,0.3,0.16,0.3,0.3,0.1,0.0489,0.042,
J PEDIAT INF DIS-GER,1305-7707,127,0.2,0.09,0.3,0.2,<0.1,0.02966,0.063,
HONG KONG J PAEDIATR,1013-9923,85,0.1,0.15,0.2,0.1,0.2,0.01402,0.045,
WORLD PSYCHIATRY,1723-8617,12036,60.5,10.18,55.5,54.9,13.9,3.58151,18.83,
LANCET PSYCHIAT,2215-0374,19411,30.8,8.64,36.8,30.4,4.9,8.39849,12.951,
JAMA PSYCHIAT,2168-622X,22206,22.5,4.37,22.3,22,3.1,9.67744,9.626,
PSYCHOTHER PSYCHOSOM,0033-3190,6004,16.3,3.88,17.5,14.3,1.4,1.27226,5.619,
AM J PSYCHIAT,0002-953X,38166,15.1,3.76,17.7,14.7,7.1,5.31883,7.359,
MOL PSYCHIATR,1359-4184,34241,9.6,2.26,11.1,9.2,1.9,12.60948,3.937,
BIOL PSYCHIAT,0006-3223,40061,9.6,2.25,10.8,9.3,3.6,6.90288,4.258,
BRAIN BEHAV IMMUN,0889-1591,27017,8.8,2.63,9.8,8.5,1.4,6.73533,2.514,
BRIT J PSYCHIAT,0007-1250,23612,8.7,2.16,9.1,8.6,1.3,2.54211,3.448,
CURR OPIN PSYCHIATR,0951-7367,6055,7.5,0.91,6.6,7.4,1.5,1.38824,2.165,
EUR PSYCHIAT,0924-9338,7478,7.2,1.29,6.4,7,0.9,1.71216,2.055,
NEUROPSYCHOPHARMACOL,0893-133X,28267,6.6,1.6,7.3,6.5,1.2,6.26333,2.71,
J BEHAV ADDICT,2062-5871,5434,6.6,1.59,7.3,5.8,0.9,1.56289,1.943,
EVID-BASED MENT HEAL,1362-0347,2252,6.6,1.46,11.9,6.6,,1.27781,4.734,
J CHILD PSYCHOL PSYC,0021-9630,21180,6.5,1.59,8,6.2,1.5,3.75996,3.126,
PSYCHOL MED,0033-2917,35004,5.9,2.36,6.5,5.7,1,8.6589,2.364,
EPIDEMIOL PSYCH SCI,2045-7960,4093,5.9,1.52,7.3,5.9,0.7,1.71118,2.499,
TRANSL PSYCHIAT,2158-3188,20112,5.8,1.57,6.3,5.6,1.1,7.84936,2.044,
CURR PSYCHIAT REP,1523-3812,8708,5.5,0.8,7.7,5.4,0.7,2.30164,2.458,
SCHIZOPHRENIA BULL,0586-7614,17757,5.3,1.45,6.7,5,1,3.39724,2.417,
ACTA PSYCHIAT SCAND,0001-690X,13892,5.3,1.22,6.6,5,1,2.06174,2.474,
ADDICTION,0965-2140,20047,5.2,1.36,5.9,4.9,1.2,4.64419,2.251,
REV PSIQUIATR SALUD,1888-9891,776,5.2,1.36,4.1,5.1,4.6,0.20572,1.042,
CLIN PSYCHOL SCI,2167-7026,4509,4.8,1.33,6.2,4.5,0.8,1.62038,2.282,
JMIR MENT HEALTH,2368-7959,4285,4.8,1.18,5.1,4.6,0.9,1.57493,1.35,
DEPRESS ANXIETY,1091-4269,11699,4.7,1.7,7.2,4.7,0.1,2.25203,2.517,
INT J EAT DISORDER,0276-3478,12782,4.7,1.29,5.3,4,0.9,2.38366,1.444,
INT PSYCHOGERIATR,1041-6102,8720,4.6,1.38,4.7,4,1.9,1.40615,1.309,
J CLIN PSYCHIAT,0160-6689,17787,4.5,1.15,5.2,4.4,1.1,2.05393,1.823,
AM J GERIAT PSYCHIAT,1064-7481,8439,4.4,1.62,5,4.2,1.2,1.69893,1.657,
COMPR PSYCHIAT,0010-440X,7939,4.3,1.51,4.7,4.2,0.8,1.0734,1.32,
PSYCHIAT RES,0165-1781,36654,4.2,1.72,5.3,4.1,0.6,9.11077,1.471,
GEN HOSP PSYCHIAT,0163-8343,7084,4.1,1.14,4.7,4,0.5,1.23741,1.553,
J PSYCHIATR NEUROSCI,1180-4882,3644,4.1,1.01,5,4,1.2,0.57253,1.629,
AUST NZ J PSYCHIAT,0004-8674,8148,4,0.9,4.9,3.7,0.9,1.60568,1.648,
BORDER PERS DIS EMOT,2051-6673,925,4,0.84,4.5,3.8,0.4,0.29714,1.334,
DRUG ALCOHOL DEPEN,0376-8716,24292,3.9,1.14,4.1,3.8,0.6,6.8861,1.472,
BJPSYCH OPEN,2056-4724,3143,3.9,1.03,4.1,3.7,0.5,1.60661,1.352,
WORLD J PSYCHIATR,2220-3206,1841,3.9,0.69,3.7,3.8,0.2,0.41089,0.969,
ASIAN J PSYCHIATR,1876-2018,6438,3.8,1.15,4.8,2.9,1.5,1.89506,1.082,
J PSYCHIATR RES,0022-3956,22201,3.7,1.11,4.3,3.6,0.6,5.3674,1.35,
INT J MENT HEALTH NU,1445-8330,4285,3.6,1.4,4.3,3.1,0.5,1.23887,1.025,
SCHIZOPHR RES,0920-9964,21508,3.6,1.0,4,3.1,1.2,4.11711,1.279,
SOC PSYCH PSYCH EPID,0933-7954,11916,3.6,0.98,4.5,3.5,0.7,2.47938,1.498,
INT J GERIATR PSYCH,0885-6230,10714,3.6,0.81,3.9,3.4,0.5,1.97627,1.204,
BRAZ J PSYCHIAT,1516-4446,1328,3.6,0.76,4.3,3.6,0.9,0.55311,1.11,
PHARMACOPSYCHIATRY,0176-3679,1812,3.6,0.74,4,3.5,0.3,0.30635,1.199,
J EAT DISORD,2050-2974,3027,3.5,0.94,4,3,1,0.96798,1.084,
J PSYCHOSOM RES,0022-3999,15465,3.5,0.94,3.7,3.2,0.7,1.89984,1.103,
PSYCHOPHARMACOLOGY,0033-3158,20270,3.5,0.92,3.6,3.4,0.7,2.87599,1.09,
PSYCHONEUROENDOCRINO,0306-4530,19127,3.4,0.91,4,3.2,0.6,3.34672,1.224,
THER ADV PSYCHOPHARM,2045-1253,1416,3.4,0.76,4.3,3.3,0.9,0.46104,1.285,
PSYCHIAT SERV,1075-2730,12044,3.3,1.1,3.7,3.1,1.3,2.45327,1.357,
CAN J PSYCHIAT,0706-7437,7735,3.3,0.78,4.6,3.2,0.7,1.19592,1.464,
GLOB MENT HEALTH,2054-4251,842,3.3,0.74,3.3,3.3,,0.33128,1.039,
INT J MENT HEALTH AD,1557-1874,6544,3.2,1.66,4.7,3,0.6,2.19237,1.104,
FRONT PSYCHIATRY,1664-0640,38643,3.2,0.89,3.9,2.9,0.6,16.50625,1.08,
ARCH WOMEN MENT HLTH,1434-1816,4991,3.2,0.85,4.1,3,0.4,1.01531,1.248,
STRESS HEALTH,1532-3005,3823,3,1.0,3.9,2.9,0.5,0.8239,1.137,
EAT DISORD,1064-0266,1698,3,0.84,3.1,2.7,0.4,0.36024,0.916,
WORLD J BIOL PSYCHIA,1562-2975,2814,3,0.83,3.3,3,1.1,0.65159,0.972,
PSYCHOSOM MED,0033-3174,11851,2.9,0.95,3.7,2.8,0.7,1.18375,1.274,
EAT WEIGHT DISORD-ST,1124-4909,4563,2.9,0.68,2.9,2.7,0.6,1.39926,0.732,
J CLIN PSYCHOPHARM,0271-0749,4693,2.9,0.65,3,2.7,1,0.56243,0.844,
INT J PSYCHIAT CLIN,1365-1501,1443,2.9,0.6,3,2.9,0.6,0.35882,0.783,
EUR ADDICT RES,1022-6877,1512,2.8,0.94,3,2.7,0.3,0.32637,0.883,
AGING MENT HEALTH,1360-7863,9483,2.8,0.76,3.4,2.7,0.4,2.55987,1.013,
ASIA-PAC PSYCHIAT,1758-5864,971,2.8,0.74,3,2.8,0.7,0.23874,0.814,
INT J BIPOLAR DISORD,2194-7511,873,2.8,0.72,3.4,2.5,0.6,0.31283,1.121,
J ATTEN DISORD,1087-0547,5188,2.7,0.87,3,2.4,0.4,1.38588,0.889,
J ACAD CONSULT-LIAIS,2667-2960,397,2.7,0.76,2.7,2.2,1,0.16316,0.698,
PSYCHIATRY,0033-2747,2129,2.7,0.58,2.5,2.6,0.8,0.1569,0.753,
PSYCHOL PSYCHOTHER-T,1476-0835,2038,2.6,0.82,3.3,2.5,0.5,0.46457,0.961,
J PSYCHIATR MENT HLT,1351-0126,3305,2.6,0.77,3.1,2.3,0.4,0.49498,0.787,
CLIN GERONTOLOGIST,0731-7115,2057,2.6,0.67,2.7,2.3,0.4,0.57341,0.782,
ACTA NEUROPSYCHIATR,0924-2708,1376,2.6,0.66,3.3,2.5,0.6,0.30878,0.84,
HARVARD REV PSYCHIAT,1067-3229,2686,2.5,0.71,5.2,2.5,0.9,0.56457,1.761,
EXP CLIN PSYCHOPHARM,1064-1297,3004,2.4,0.78,2.4,2.2,0.3,0.66048,0.821,
INT J METH PSYCH RES,1049-8931,3995,2.4,0.64,4,2.3,1.4,0.56425,1.337,
NEUROPSYCHOBIOLOGY,0302-282X,2681,2.3,1.36,3.3,2.3,0.7,0.31209,0.87,
ARCH PSYCHIAT NURS,0883-9417,2785,2.2,0.85,2.4,2.1,0.5,0.56138,0.597,
J PSYCHOSOM OBST GYN,0167-482X,2001,2.1,0.81,3,2,0.2,0.35525,0.827,
INT CLIN PSYCHOPHARM,0268-1315,1905,2.1,0.64,1.8,1.5,1.7,0.19246,0.481,
EARLY INTERV PSYCHIA,1751-7885,3196,2.1,0.49,2.3,1.9,0.6,1.08127,0.705,
BEHAV MED,0896-4289,1497,2,0.72,3.7,2,<0.1,0.53987,1.355,
PERSPECT PSYCHIATR C,0031-5990,2497,1.9,0.81,2.3,1.9,0.5,0.76785,0.492,
PSYCHOPATHOLOGY,0254-4962,2288,1.9,0.59,2.7,1.8,0.4,0.37301,0.949,
J OBSESS-COMPULS REL,2211-3649,1303,1.9,0.55,2,1.7,0.7,0.29864,0.527,
J ECT,1095-0680,1878,1.8,0.63,2.5,1.5,1.6,0.31982,0.742,
SUBST USE MISUSE,1082-6084,5483,1.8,0.53,2.2,1.7,0.3,1.53699,0.711,
CLIN CHILD PSYCHOL P,1359-1045,1986,1.8,0.51,2.3,1.7,0.2,0.55629,0.681,
PSYCHIAT INVEST,1738-3684,3132,1.8,0.5,2.7,1.8,0.3,0.87985,0.715,
ISSUES MENT HEALTH N,0161-2840,3267,1.7,0.58,2.2,1.5,0.4,0.67317,0.658,
INDIAN J PSYCHIAT,0019-5545,4082,1.7,0.48,2.4,1.4,0.5,0.64818,0.59,
PSYCHOGERIATRICS,1346-3500,1603,1.7,0.42,2,1.6,0.3,0.47891,0.557,
AM J MED GENET B,1552-4841,2905,1.6,0.52,2.7,1.4,0.4,0.46767,1.099,
J AM PSYCHIAT NURSES,1078-3903,1030,1.5,0.49,1.9,1.4,0.3,0.27193,0.525,
COGN NEUROPSYCHIATRY,1354-6805,1020,1.5,0.44,2,1.5,0.2,0.18198,0.708,
NORD J PSYCHIAT,0803-9488,2620,1.5,0.39,2.3,1.5,0.2,0.51619,0.657,
ANN CLIN PSYCHIATRY,1040-1237,1029,1.5,0.26,1.6,1.5,0.3,0.13915,0.549,
J PSYCHIATR PRACT,1527-4160,1267,1.3,0.34,1.8,1.2,0.3,0.19915,0.544,
ENCEPHALE,0013-7006,1631,1.2,0.5,1.5,1.1,0.7,0.28552,0.357,
AUSTRALAS PSYCHIATRY,1039-8562,1919,1.2,0.38,1.4,1,0.3,0.42339,0.365,
INT J PSYCHIAT MED,0091-2174,1596,1.1,0.31,1.4,1.1,0.1,0.16956,0.412,
RIV PSICHIATR,0035-6484,635,1,0.39,1.8,1,0.2,0.16015,0.406,
ARQ NEURO-PSIQUIAT,0004-282X,3445,1,0.29,1.4,1,0.4,0.40934,0.323,
SAJP-S AFR J PSYCHI,1608-9685,428,1,0.26,1.3,1,0.2,0.11023,0.312,
ACTAS ESP PSIQUIATRI,1139-9287,686,1,0.21,1.4,1,0.1,0.0746,0.327,
PSYCHIATR POL,0033-2674,1385,0.9,0.31,1.4,0.7,0.3,0.2251,0.29,
Z PSYCHOSOM MED PSYC,1438-3608,414,0.8,0.67,1.1,0.7,1,0.07035,0.381,
RECHT PSYCHIATR,0724-2247,111,0.7,0.3,0.6,0.4,0.3,0.01695,0.108,
VERHALTENSTHERAPIE,1016-6262,307,0.7,0.13,0.8,0.7,0.1,0.05516,0.24,
ANN MED-PSYCHOL,0003-4487,712,0.5,0.19,0.4,0.4,0.2,0.12272,0.092,
PSYCHIAT CLIN PSYCH,2475-0573,444,0.5,0.14,1.2,0.4,0.1,0.15025,0.286,
ISR J PSYCHIATR REL,0333-7308,553,0.5,0.09,0.5,0.5,,0.02605,0.14,
GERIATR PSYCHOL NEUR,2115-8789,260,0.4,0.08,0.5,0.3,0.1,0.04959,0.115,
SUCHTTHERAPIE,1439-9903,82,0.4,0.04,0.3,0.3,0.3,0.01007,0.055,
PSYCHIAT ENFANT,0079-726X,65,0.1,0.02,0.1,0.1,<0.1,0.00333,0.017,
CAMB PRISM-GLOB MENT,2054-4251,22,,,,,0.3,0.0,,
SPAN J PSYCHIAT MENT,2950-2861,49,,,,,1.4,0.0,,
JAMA SURG,2168-6254,17074,15.7,5.97,16.3,15.1,3.9,7.31768,6.59,
INT J SURG,1743-9191,17898,12.5,4.9,8.9,11.3,1.2,4.35321,2.169,
ENDOSCOPY,0013-726X,13895,11.5,3.12,10.1,9.9,1.8,3.4507,3.354,
AM J TRANSPLANT,1600-6135,25261,8.9,3.55,6.7,8.5,2.3,7.20772,2.506,
BRIT J SURG,0007-1323,24832,8.6,3.14,8.6,8,1.2,4.39354,2.85,
ANN SURG,0003-4932,56540,7.5,4.69,9.1,7.1,2.7,11.16105,3.291,
HEPATOBIL SURG NUTR,2304-3881,1934,6.1,1.11,6.5,5.4,1.3,0.53353,1.567,
WORLD J EMERG SURG,1749-7922,3439,6,2.64,7.3,5.6,1.3,1.0527,2.061,
EUR J VASC ENDOVASC,1078-5884,12799,5.7,1.82,6.2,4.7,2.8,2.89249,1.933,
TRANSPLANTATION,0041-1337,22905,5.3,1.64,4.7,4.8,1.8,4.50053,1.68,
DIGEST ENDOSC,0915-5635,5008,5,1.51,5.4,4.4,1,1.61991,1.72,
BONE JOINT J,2049-4394,11390,4.9,2.15,4.8,4.2,1.1,3.6602,1.66,
LIVER TRANSPLANT,1527-6465,10570,4.7,1.33,5.1,4,1.2,2.34295,1.996,
AM J SURG PATHOL,0147-5185,21608,4.5,2.25,5.3,4.2,1.1,2.66931,1.59,
J NEUROINTERV SURG,1759-8478,9350,4.5,1.77,4.7,3.9,0.8,3.53533,1.42,
J BONE JOINT SURG AM,0021-9355,45590,4.4,2.11,5.4,4.1,0.7,5.24598,2.055,
ARTHROSCOPY,0749-8063,18066,4.4,1.94,4.3,3.5,2.2,3.61814,1.364,
CLIN ORTHOP RELAT R,0009-921X,37997,4.2,2.11,4.9,3.6,2.8,2.99722,1.727,
J VASC SURG,0741-5214,30173,3.9,1.39,4.3,3.2,1.2,5.35815,1.322,
J AM COLL SURGEONS,1072-7515,16379,3.8,2.06,4.4,3.6,1.6,2.84449,1.714,
SURG OBES RELAT DIS,1550-7289,8231,3.5,1.53,3.6,3.1,1.3,2.2452,1.141,
EJSO-EUR J SURG ONC,0748-7983,12822,3.5,1.22,3.6,3.3,0.9,3.11795,1.05,
BJS OPEN,2474-9842,2366,3.5,1.2,3.9,3.4,0.7,1.40813,1.373,
ASIAN J SURG,1015-9584,3055,3.5,0.9,3.1,2.7,1.2,0.81704,0.644,
ANN SURG ONCOL,1068-9265,34471,3.4,1.21,4,3.1,1.3,7.28574,1.228,
KNEE SURG SPORT TR A,0942-2056,21119,3.3,1.47,3.6,2.6,0.8,5.20376,1.09,
SEMIN VASC SURG,0895-7967,1025,3.3,0.83,3.3,3.1,0.5,0.25881,1.082,
SURGERY,0039-6060,22004,3.2,1.54,3.3,3,0.6,3.88492,1.098,
PLAST RECONSTR SURG,0032-1052,41786,3.2,1.42,3.9,2.9,1.5,4.76427,1.097,
DIS COLON RECTUM,0012-3706,13495,3.2,1.19,4,3,1.4,1.75893,1.226,
J HEPATO-BIL-PAN SCI,1868-6974,5368,3.2,0.97,4.3,3,0.3,1.24105,1.288,
AESTHET SURG J,1090-820X,7392,3,1.48,3.4,2.4,2,1.63147,0.842,
J SHOULDER ELB SURG,1058-2746,18591,2.9,1.28,3.3,2.3,0.5,3.18892,0.891,
OBES SURG,0960-8923,17103,2.9,1.24,3,2.1,0.6,3.99758,0.79,
J TRAUMA ACUTE CARE,2163-0755,12194,2.9,1.07,3.2,2.4,1,3.02466,1.03,
COLORECTAL DIS,1462-8910,8120,2.9,0.97,3.1,2.6,0.5,1.76594,0.942,
J VASC SURG-VENOUS L,2213-333X,3117,2.8,1.12,3.1,2.2,0.9,0.93171,0.729,
AM J SURG,0002-9610,17815,2.7,1.21,2.5,2.6,1.1,3.19224,0.904,
TRANSPL INT,0934-0874,5498,2.7,1.04,3,2.5,0.6,1.44336,1.058,
HPB,1365-182X,7344,2.7,0.96,3.2,2.6,0.6,1.78945,0.976,
SHOCK,1073-2322,8253,2.7,0.96,2.8,2.5,0.8,1.26785,0.725,
TECH COLOPROCTOL,1123-6337,3462,2.7,0.87,3.2,2.5,0.6,0.95086,0.871,
J SURG EDUC,1931-7204,5528,2.6,1.37,2.7,2.3,0.4,1.96998,0.912,
J AM ACAD ORTHOP SUR,1067-151X,10259,2.6,1.27,3.3,2.5,0.5,2.77469,1.213,
HERNIA,1265-4906,5178,2.6,0.99,3.1,1.9,0.5,0.96276,0.687,
SCAND J SURG,1457-4969,1458,2.5,0.84,2.4,2.4,0.3,0.38051,0.775,
INT J COLORECTAL DIS,0179-1958,7996,2.5,0.8,2.7,2.4,0.5,1.7031,0.756,
SURG ENDOSC,0930-2794,28388,2.4,1.23,3.1,2.1,0.4,6.37689,0.877,
UPDATES SURG,2038-131X,2695,2.4,1.01,2.5,2.3,0.4,0.91871,0.628,
SURG ONCOL CLIN N AM,1055-3207,1702,2.4,0.71,2.8,2.4,0.3,0.36487,0.79,
SURG-J R COLL SURG E,1479-666X,2028,2.3,1.1,2.1,2.2,1,0.48067,0.66,
WORLD J SURG,0364-2313,18556,2.3,1.07,2.8,2.2,0.5,3.21515,0.828,
INT J MED ROBOT COMP,1478-5951,2881,2.3,1.05,2.7,2.2,0.4,0.72543,0.683,
ORTHOP TRAUMATOL-SUR,1877-0568,7403,2.3,0.99,2.7,1.7,0.8,1.63976,0.706,
CURR PROB SURG,0011-3840,688,2.3,0.83,3.8,2.3,0.1,0.0963,0.901,
INT J COMPUT ASS RAD,1861-6410,5561,2.3,0.83,3.1,2.1,0.4,1.48683,0.742,
SEMIN PLAST SURG,1535-2188,1580,2.3,0.8,2.9,2.3,<0.1,0.28042,0.806,
SURG ONCOL,0960-7404,3302,2.3,0.71,2.5,2.2,0.3,0.88232,0.66,
INT J ORAL MAX SURG,0901-5027,9812,2.2,1.09,2.6,2.1,0.9,1.36186,0.682,
J ROBOT SURG,1863-2483,2429,2.2,1.0,2.3,1.9,0.4,0.82631,0.594,
J RECONSTR MICROSURG,0743-684X,3266,2.2,0.94,2.4,1.6,0.4,0.56803,0.592,
INJURY,0020-1383,20306,2.2,0.9,2.5,2,0.5,3.18275,0.682,
J GASTROINTEST SURG,1091-255X,11712,2.2,0.85,2.9,2.1,0.5,2.47951,0.893,
CAN J SURG,0008-428X,3001,2.2,0.77,2.6,2.1,0.5,0.55842,0.896,
J CRANIO MAXILL SURG,1010-5182,7798,2.1,1.11,2.5,1.7,0.4,1.11519,0.617,
SURG CLIN N AM,0039-6109,4511,2.1,1.07,3.3,2.1,0.2,0.62528,0.81,
J HAND THER,0894-1130,2720,2.1,0.97,2.7,1.6,1.2,0.29306,0.556,
LANGENBECK ARCH SURG,1435-2443,5433,2.1,0.95,2.4,2,0.3,1.2349,0.672,
J HAND SURG-AM,0363-5023,15965,2.1,0.88,2.5,1.9,0.6,1.54623,0.745,
J INVEST SURG,0894-1939,1982,2.1,0.8,2,2.1,1.1,0.55561,0.47,
LASER MED SCI,0268-8921,7094,2.1,0.68,2.4,2,0.4,1.08532,0.467,
AESTHET PLAST SURG,0364-216X,6702,2,0.94,2.4,1.6,0.8,1.30234,0.567,
ARCH ORTHOP TRAUM SU,0936-8051,9889,2,0.94,2.3,1.8,0.3,2.2945,0.691,
J PLAST RECONSTR AES,1748-6815,9337,2,0.86,2.5,1.8,0.4,1.85597,0.683,
J VISC SURG,1878-7886,1370,2,0.75,2.1,1.8,0.7,0.25841,0.564,
J SURG ONCOL,0022-4790,12180,2,0.72,2.5,1.9,0.4,2.369,0.767,
J HAND SURG-EUR VOL,1753-1934,6573,2,0.7,2.4,1.4,0.5,0.82549,0.685,
FACIAL PLAST SURG CL,1064-7406,1663,1.9,0.78,2.5,1.8,0.1,0.34388,0.722,
CLIN TRANSPLANT,0902-0063,6729,1.9,0.73,2.6,1.8,0.4,2.55994,1.027,
STEREOT FUNCT NEUROS,1011-6125,1780,1.9,0.54,1.7,1.7,0.4,0.25768,0.554,
J SURG RES,0022-4804,16764,1.8,0.89,2,1.8,0.2,3.86024,0.662,
CLIN PLAST SURG,0094-1298,3221,1.8,0.88,2.8,1.8,0.4,0.44269,0.807,
DIGEST SURG,0253-4886,2149,1.8,0.7,1.9,1.8,0.4,0.2929,0.632,
MINERVA SURG,2724-5691,286,1.8,0.62,1.8,0.8,0.8,0.04582,0.193,
VISC MED,2297-4725,940,1.8,0.5,2.4,1.8,0.4,0.34262,0.708,
WORLD J GASTRO SURG,1948-9366,1612,1.8,0.5,1.9,1.7,0.2,0.32004,0.484,
SURG TODAY,0941-1291,5806,1.7,0.85,2.2,1.6,0.3,1.0416,0.586,
BRIT J ORAL MAX SURG,0266-4356,5375,1.7,0.7,1.5,1.6,0.4,0.81334,0.4,
J ENDOVASC THER,1526-6028,3982,1.7,0.68,2.5,1.4,0.2,1.04087,0.876,
EUR SURG RES,0014-312X,1256,1.7,0.67,1.7,1.7,0.7,0.08866,0.392,
MINIM INVASIV THER,1364-5706,1318,1.7,0.66,1.8,1.5,0.4,0.28056,0.43,
KNEE,0968-0160,5610,1.6,0.79,2,1.5,0.5,1.19523,0.651,
FACIAL PLAST SURG AE,2689-3614,616,1.6,0.77,2,1.1,0.3,0.22934,0.425,
VIDEOSURGERY MINIINV,1895-4588,839,1.6,0.74,1.4,1.2,0.2,0.22543,0.309,
HSS J,1556-3316,1297,1.6,0.73,,1.6,0.3,0.40167,,
FRONT SURG,2296-875X,5993,1.6,0.72,1.7,1.6,0.4,2.2605,0.432,
GERIATR ORTHOP SURG,2151-4585,1125,1.6,0.6,1.7,1.5,0.3,0.32639,0.496,
MICROSURG,0738-1085,3597,1.5,0.7,2,1.3,0.2,0.55539,0.55,
GLAND SURG,2227-684X,2838,1.5,0.69,2.1,1.4,0.3,0.87659,0.489,
ANZ J SURG,1445-1433,6856,1.5,0.58,1.7,1.4,0.4,1.56829,0.489,
ANN PLAS SURG,0148-7043,10392,1.4,0.65,1.7,1.3,0.3,1.6024,0.498,
ANN VASC SURG,0890-5096,8003,1.4,0.53,1.4,1.3,0.4,2.33454,0.457,
SURG INFECT,1096-2964,3133,1.4,0.52,2.6,1.2,0.4,0.65962,0.778,
JSLS-J SOC LAPAROEND,1086-8089,2176,1.4,0.49,2,1.4,0.3,0.3056,0.572,
J FOOT ANKLE SURG,1067-2516,4686,1.3,0.57,1.5,1.2,0.2,0.96198,0.44,
J ORTHOP SURG-HONG K,1022-5536,2593,1.3,0.57,1.5,1.3,0.3,0.64239,0.429,
CIR ESPAN,0009-739X,1005,1.3,0.55,1.5,1.1,0.5,0.19239,0.324,
ANN SURG TREAT RES,2288-6575,1238,1.2,0.62,1.5,1.1,0.5,0.29717,0.373,
SURG RADIOL ANAT,0930-1038,4622,1.2,0.58,1.4,1,0.4,0.6168,0.328,
CLEFT PALATE-CRAN J,1055-6656,5246,1.2,0.55,1.4,0.9,0.2,0.80423,0.37,
SURG INNOV,1553-3506,1587,1.2,0.48,1.5,1.1,0.2,0.36341,0.417,
CLIN COLON RECT SURG,1531-0043,1852,1.2,0.42,2.3,1.1,0.2,0.3258,0.62,
THORAC SURG CLIN,1547-4127,1250,1.1,0.53,2,1.1,0.2,0.29418,0.591,
ANN ROY COLL SURG,0035-8843,4738,1.1,0.52,1.7,1.1,0.6,0.73156,0.536,
J LAPAROENDOSC ADV S,1092-6429,3804,1.1,0.52,2,1,0.2,0.90312,0.56,
ACTA CIR BRAS,0102-8650,1532,1.1,0.48,1.2,1,0.2,0.18612,0.211,
SURG LAPARO ENDO PER,1530-4515,2596,1.1,0.48,1.2,1,0.2,0.3677,0.336,
FACIAL PLAST SURG,0736-6825,1816,1.1,0.44,1.3,0.9,0.1,0.29068,0.327,
ANN TRANSPL,1425-9524,1142,1.1,0.43,1.2,1.1,0.2,0.2719,0.379,
AM SURGEON,0003-1348,6789,1,0.45,0.9,0.9,0.1,1.46859,0.285,
J CRANIOFAC SURG,1049-2275,11673,1,0.45,1.1,0.8,0.2,2.15885,0.277,
J MINIM ACCESS SURG,0972-9941,850,1,0.45,0.9,0.9,0.3,0.20786,0.247,
J PLAST SURG HAND SU,2000-656X,1111,1,0.45,1.4,1,0.1,0.23672,0.391,
HAND SURG REHABIL,2468-1229,734,0.9,0.45,1.1,0.8,0.2,0.24778,0.275,
INT J SURG PATHOL,1066-8969,1961,0.9,0.4,1,0.9,0.2,0.39484,0.272,
ANN ITAL CHIR,0003-469X,848,0.9,0.25,0.8,0.7,0.1,0.13578,0.152,
TRANSPL P,0041-1345,10384,0.8,0.29,0.8,0.8,0.2,1.27606,0.226,
VASC ENDOVASC SURG,1538-5744,1637,0.7,0.24,0.9,0.7,0.1,0.33924,0.281,
NEUROCIRUGIA,1130-1473,378,0.7,0.23,0.7,0.7,0.2,0.07475,0.202,
PLAST SURG-CHIR PLAS,2292-5503,602,0.7,0.23,1.1,0.5,0.3,0.15993,0.321,
ACTA CHIR BELG,0001-5458,1048,0.6,0.28,0.8,0.6,0.1,0.17593,0.212,
PROG TRANSPLANT,1526-9248,843,0.6,0.26,0.9,0.6,0.2,0.2126,0.395,
CHIRURGIE,2731-6971,1310,0.6,0.25,0.7,0.5,0.1,0.14625,0.127,
EUR SURG,1682-8631,286,0.6,0.24,0.7,0.6,0.1,0.06946,0.183,
UNFALLCHIRURGIE,2731-7021,1396,0.6,0.24,0.7,0.5,0.1,0.18971,0.172,
ZBL CHIR,0044-409X,636,0.5,0.26,0.5,0.4,0.3,0.05787,0.105,
TURK GOGUS KALP DAMA,1301-5680,399,0.5,0.22,0.6,0.4,0.1,0.09812,0.116,
CIR CIR,0009-7411,680,0.5,0.18,0.5,0.4,0.1,0.11708,0.095,
ANN CHIR PLAST ESTH,0294-1260,808,0.4,0.27,0.8,0.4,0.1,0.13282,0.225,
HANDCHIR MIKROCHIR P,0722-1819,631,0.4,0.23,0.6,0.3,0.1,0.08246,0.149,
S AFR J SURG,0038-2361,389,0.4,0.2,0.5,0.4,0.2,0.07181,0.145,
OPER TECHN SPORT MED,1060-1872,291,0.4,0.16,0.4,0.4,0.1,0.03259,0.103,
BARIATR SURG PRACT P,2168-023X,142,0.4,0.14,0.5,0.3,0.1,0.04806,0.182,
INDIAN J SURG,0972-2068,1637,0.4,0.14,0.4,0.3,0.2,0.22647,0.079,
CESK SLOV NEUROL N,1210-7859,178,0.3,0.11,0.2,0.2,0.1,0.02006,0.028,
INT SURG,0020-8868,1021,0.2,0.06,0.2,0.2,<0.1,0.02884,0.049,
JAMA-HEALTH FORUM,2689-0186,"2,220",9.5,1.8,10.8,8.8,3.0,2.34721,7.321,
IMPLEMENT SCI,1748-5908,"17,139",8.8,2.52,9.2,8.2,0.6,3.02893,3.234,
HEALTH AFFAIR,0278-2715,"19,799",8.6,3.27,7.7,8.3,1.5,8.1611,4.395,
BMJ QUAL SAF,2044-5415,"7,337",5.6,1.71,6.2,5.2,1.4,2.12873,2.389,
VALUE HEALTH,1098-3015,"13,830",4.9,1.41,5.6,4.6,1.4,3.50043,2.069,
MILBANK Q,0887-378X,"4,630",4.8,2.02,7,4.7,1.1,1.10631,3.551,
PHARMACOECONOMICS,1170-7690,"6,576",4.4,1.23,4.8,4,0.8,1.62767,1.738,
AVICENNA,2220-2749,115,4.1,1.41,4.1,3.7,3.5,0.01164,0.402,
J COMMUN HEALTH,0094-5145,"4,917",3.9,1.55,3,3.8,0.5,1.28984,0.93,
DISABIL HEALTH J,1936-6574,"3,360",3.7,1.5,3.7,3.5,0.6,1.1565,1.189,
HEALTH RES POLICY SY,1478-4505,"4,363",3.6,1.3,4.3,3.4,0.4,1.66589,1.435,
HEALTH POLICY,0168-8510,"8,116",3.6,1.28,3.3,3.4,0.6,1.60652,1.043,
ISR J HEALTH POLICY,2045-4015,"1,036",3.5,1.12,2.8,3.3,0.7,0.36017,0.799,
HEALTH POLICY TECHN,2211-8837,"1,377",3.4,1.63,3.7,3.3,0.7,0.49872,0.933,
J HEALTH ECON,0167-6296,"8,075",3.4,1.3,4,3.2,0.5,2.05719,2.416,
J HEALTHC LEADERSH,1179-3201,393,3.4,1.12,3.2,3.3,0.3,0.11171,0.801,
INT J HEALTH SERV,0020-7314,"2,213",3.4,1.01,2.8,3.4,,0.45885,1.078,
PATIENT,1178-1653,"2,192",3.4,0.99,3.9,3.1,0.3,0.71214,1.404,
J HEALTH POLIT POLIC,0361-6878,"1,414",3.3,1.63,2.5,3.2,1.0,0.52146,1.439,
MED CARE,0025-7079,"20,035",3.3,0.98,3.2,3.2,0.9,2.46451,1.624,
QUAL LIFE RES,0962-9343,"20,378",3.3,0.96,4.4,3.1,0.4,4.14085,1.47,
AM J HEALTH ECON,2332-3493,366,3.1,1.13,2.6,3,0.6,0.35293,2.095,
J RURAL HEALTH,0890-765X,"3,170",3.1,1.13,4,2.9,0.3,1.13927,1.508,
HEALTH SERV RES,0017-9124,"9,713",3.1,1.04,3.7,2.9,0.5,3.141,2.079,
APPL HEALTH ECON HEA,1175-5652,"2,044",3.1,0.99,3,3,0.5,0.70101,1.043,
EUR J HEALTH ECON,1618-7598,"3,700",3.1,0.98,3.6,3,0.5,1.41522,1.287,
MED DECIS MAKING,0272-989X,"6,132",3.1,0.86,3.3,2.9,0.3,1.09529,1.429,
HEALTH ECON POLICY L,1744-1331,831,3,1.55,2.5,2.9,0.2,0.24885,0.833,
HEALTH COMMUN,1041-0236,"8,268",3,1.39,3.5,2.6,0.6,2.38714,1.028,
HEALTH EXPECT,1369-6513,"6,153",3,0.91,3.6,2.8,0.4,1.776,1.121,
DIGIT HEALTH,2055-2076,"2,816",2.9,0.97,3.7,2.6,0.5,1.02719,0.918,
HEALTH POLICY PLANN,0268-1080,"6,371",2.9,0.97,3.4,2.8,0.5,1.52983,1.289,
HEALTH ECON REV,2191-1991,"1,145",2.7,0.83,2.8,2.6,0.4,0.34951,0.885,
INT J QUAL HEALTH C,1353-4505,"8,316",2.7,0.74,2.4,2.6,0.2,0.88522,0.774,
HEALTH INF MANAG J,1833-3583,607,2.7,0.71,3.2,1.9,0.9,0.14583,0.789,
LEARN HEALTH SYST,2379-6146,495,2.6,0.78,2.8,2.2,0.3,0.26235,1.006,
INT J INTEGR CARE,1568-4156,"2,182",2.6,0.71,3.1,2.2,0.4,0.50672,0.838,
HEALTH SOCIOL REV,1446-1242,838,2.5,1.23,2.9,2.3,1.2,0.17467,0.936,
J POLICY PRACT INTEL,1741-1122,"1,065",2.5,1.06,2.4,2.2,0.4,0.23457,0.704,
BMC PALLIAT CARE,1472-684X,"4,039",2.5,0.96,3.2,2.2,0.4,1.33203,0.884,
MED CARE RES REV,1077-5587,"2,658",2.4,0.82,2.8,2.3,0.3,0.73236,1.371,
PSYCHOL PUBLIC POL L,1076-8971,"1,786",2.3,1.53,2.5,2.1,0.2,0.33839,0.953,
HEALTH CARE MANAG SC,1386-9620,"1,550",2.3,1.1,3,2,0.4,0.32288,0.789,
J HEALTH ECON OUTCOM,2327-2236,242,2.3,0.79,,2.3,0.2,0.1231,,
J PUBLIC HEALTH POL,0197-5897,"1,483",2.3,0.79,2.9,2.2,0.4,0.36212,1.005,
HEALTH PROMOT INT,0957-4824,"5,502",2.3,0.77,2.8,2.1,0.7,1.15551,0.742,
J AGING HEALTH,0898-2643,"4,222",2.2,0.81,2.8,2.1,0.3,1.00017,0.952,
EVAL HEALTH PROF,0163-2787,"1,549",2.2,0.79,2.3,2.2,0.5,0.22716,0.729,
POL POLIT NURS PRACT,1527-1544,559,2.1,0.97,,2.1,0.8,0.13268,,
HEALTHCARE-J DEL SCI,2213-0764,720,2,0.95,2,1.9,0.2,0.34503,0.847,
HEALTH ECON,1057-9230,"6,810",2,0.72,2.5,1.9,0.2,1.6854,1.251,
ADM POLICY MENT HLTH,0894-587X,"4,635",2,0.7,2.6,1.9,0.4,0.70107,0.921,
PHARMACOECON-OPEN,2509-4262,678,2,0.59,2,1.9,0.3,0.40156,0.727,
HEALTH SYST REFORM,2328-8604,790,1.9,1.04,4.2,1.9,2.2,0.47468,2.184,
J HEALTH SERV RES PO,1355-8196,"2,204",1.9,0.79,2.4,1.9,0.4,0.26766,0.874,
PALLIAT SUPPORT CARE,1478-9515,"2,897",1.9,0.77,2.4,1.8,0.4,0.80702,0.764,
INT J HEALTH PLAN M,0749-6753,"2,634",1.9,0.66,2.1,1.8,0.4,0.96249,0.548,
J GENET COUNS,1059-7700,"3,257",1.9,0.62,2.4,1.3,0.3,0.97985,0.775,
J INTERPROF CARE,1356-1820,"4,138",1.9,0.61,2.7,1.6,0.5,0.78905,0.631,
COMMUNITY MENT HLT J,0010-3853,"4,387",1.8,0.7,2.4,1.7,0.3,1.13152,0.7,
INT J HEALTH GOV,2059-4631,250,1.8,0.68,1.3,1.5,0.5,0.07306,0.259,
HEALTH CARE ANAL,1065-3058,699,1.8,0.61,2.2,1.8,0.8,0.13804,0.699,
EXPERT REV PHARM OUT,1473-7167,"2,470",1.8,0.57,2.2,1.6,0.3,0.52712,0.648,
HEALTH CARE MANAGE R,0361-6274,"1,426",1.7,0.96,2.2,1.7,0.7,0.26902,0.754,
J PATIENT SAF,1549-8417,"2,074",1.7,0.83,1.8,1.7,0.8,0.91642,0.595,
COST EFFECT RESOUR A,1478-7547,"1,022",1.7,0.65,2.1,1.7,0.4,0.32367,0.643,
INQUIRY-J HEALTH CAR,0046-9580,"1,805",1.7,0.63,2,1.7,0.5,0.67401,0.61,
LEADERSH HEALTH SERV,1751-1879,679,1.7,0.62,2,1.4,0.2,0.13463,0.387,
J HEALTH ORGAN MANAG,1477-7266,"1,400",1.7,0.57,1.8,1.6,0.5,0.27989,0.461,
J HEALTHC MANAG,1096-9012,730,1.7,0.56,1.9,1.6,0.4,0.14382,0.563,
CLIN SUPERV,0732-5223,441,1.7,0.51,1.8,1.4,0.7,0.06251,0.426,
E MEDITERR HEALTH J,1020-3397,"2,916",1.7,0.47,2,1.6,0.4,0.47316,0.418,
HEALTH SERV MANAG RE,0951-4848,571,1.6,0.56,1.7,1.4,0.1,0.10868,0.42,
CAMB Q HEALTHC ETHIC,0963-1801,974,1.5,0.61,1.4,1.3,0.8,0.25371,0.531,
GAC SANIT,0213-9111,"2,284",1.5,0.58,1.6,1.5,0.2,0.43167,0.376,
J BEHAV HEALTH SER R,1094-3412,"1,428",1.5,0.58,1.9,1.5,0.4,0.40295,0.893,
HEALTH SERV RES MANA,2333-3928,240,1.5,0.54,1.4,1.4,0.2,0.08381,0.399,
INT J HEALTH ECON MA,2199-9023,236,1.5,0.53,1.6,1.5,0.1,0.16109,0.78,
IISE T HEALTHC SYST,2472-5579,192,1.5,0.41,,1.4,0.3,0.07471,,
INT J HEALTHCARE MAN,2047-9700,924,1.4,0.6,1.7,1.3,0.2,0.26765,0.321,
VALUE HEALTH REG ISS,2212-1099,979,1.4,0.53,,1.4,0.3,0.3632,,
AUST HEALTH REV,0156-5788,"2,149",1.4,0.52,1.7,1.3,0.2,0.53738,0.521,
Z EVIDENZ FORTBILD Q,1865-9217,894,1.4,0.49,1.1,1.3,0.5,0.20935,0.302,
AM HEALTH DRUG BENEF,1942-2962,869,1.4,0.36,2.7,1.4,<0.1,0.14896,0.904,
J PALLIAT CARE,0825-8597,"1,179",1.3,0.42,1.6,1.1,0.4,0.24668,0.518,
HEALTH SYST,2047-6965,320,1.2,0.55,1.8,1,0.9,0.10649,0.511,
AUST J PRIM HEALTH,1448-7527,"1,285",1.2,0.5,1.4,1.1,0.4,0.30514,0.416,
HOME HEALTH CARE SER,0162-1424,332,1.2,0.48,1.4,1.1,0.4,0.06962,0.432,
INT J HUM RIGHTS HEA,2056-4902,368,1.2,0.44,1.2,1.1,0.1,0.1259,0.285,
AIDS CARE,0954-0121,"6,065",1.2,0.43,1.8,1.2,0.2,1.42505,0.607,
INT J PHARM HEALTHC,1750-6123,449,1.2,0.43,1.6,0.9,0.3,0.06556,0.235,
QUAL MANAG HEALTH CA,1063-8628,524,1.2,0.36,1.1,1.1,0.6,0.10091,0.357,
J HEALTH CARE POOR U,1049-2089,"3,572",1.2,0.34,1.6,1.1,0.2,0.86278,0.745,
J HEALTH CARE CHAPL,0885-4726,318,1.1,0.57,1.5,1,<0.1,0.11019,0.499,
J HEALTH MANAG,0972-0634,664,1,0.55,1.4,1,0.1,0.14682,0.299,
INT J HEALTH CARE Q,0952-6862,"1,124",1,0.43,1.5,0.9,<0.1,0.15094,0.372,
J MENT HEALTH POLICY,1091-4358,440,1,0.33,1.2,0.9,1.0,0.04267,0.374,
J HEALTHC QUAL,1062-2551,677,0.9,0.41,1,0.9,0.1,0.20248,0.43,
SAHARA J-J SOC ASP H,1729-0376,339,0.9,0.34,1.6,0.9,0.7,0.04126,0.447,
J INTEGR CARE,1476-9018,282,0.8,0.31,0.9,0.6,0.2,0.06738,0.209,
J PATIENT SAF RISK M,2516-0435,162,0.6,0.33,,0.6,0.5,0.07874,,
FARM COMUNITARIOS,1885-8619,67,0.6,0.05,0.5,0.2,0.1,0.00485,0.032,
SCI SOC SANTE,0294-0337,130,0.4,0.14,0.3,0.4,<0.1,0.01341,0.088,
ASIAN J WTO INT HEAL,1819-5164,87,0.3,0.32,0.4,0.3,0.1,0.02141,0.146,
INT J SOC DETER HLTH,2755-1938,52,,0.44,,,0.6,0.00959,,
LANCET REG HEALTH-EU,2666-7762,4173,13.6,5.59,13.6,13.5,3.6,2.60287,5.244,
NPJ DIGIT MED,2398-6352,9902,12.4,3.4,15.2,12,2.3,5.80907,5.181,
J CLIN EPIDEMIOL,0895-4356,41985,7.3,1.77,7.5,6.8,1.3,6.19792,3.252,
LANCET REG HEALTH-AM,2667-193X,2319,7,2.93,7,6.8,2.4,1.53646,2.987,
J MED INTERNET RES,1438-8871,43793,5.8,1.68,6.7,5.4,1,13.67546,1.732,
J HEALTHC INFORM RES,2509-4971,447,5.4,1.53,4.6,5.3,0.4,0.18126,1.1,
JMIR MHEALTH UHEALTH,2291-5222,12356,5.4,1.24,5.6,5.2,0.7,4.62337,1.432,
ACAD MED,1040-2446,22525,5.3,2.02,6.7,4.8,1.7,5.08195,2.537,
LANCET REG HLTH-SE A,2772-3682,363,5,1.3,5,4.5,1.5,0.11295,1.559,
MED EDUC,0308-0110,12624,4.9,1.69,6.9,4,1.3,2.09033,2.299,
PERSPECT MED EDUC,2212-2761,1956,4.8,1.28,4.7,4.6,0.4,0.76356,1.679,
J AM MED INFORM ASSN,1067-5027,14738,4.7,1.48,5.8,4.3,1.1,4.81069,2.106,
JMIR SERIOUS GAMES,2291-9279,1758,3.8,0.99,3.9,3.5,0.6,0.53065,0.803,
INT J MED INFORM,1386-5056,9217,3.7,1.05,4.6,3.5,0.6,2.14434,1.123,
J TELEMED TELECARE,1357-633X,5586,3.5,1.41,4.9,3,0.7,1.36746,1.313,
J MED SYST,0148-5598,7951,3.5,1.17,4.7,3.5,2.1,1.6981,0.994,
HEALTH TECHNOL ASSES,1366-5278,5320,3.5,0.93,3.8,3.5,0.4,0.87197,1.403,
MED TEACH,0142-159X,12758,3.3,1.53,4.7,2.9,0.9,2.45511,1.525,
INT J TELEMED APPL,1687-6415,411,3.1,1.01,3.5,3,0.9,0.06895,0.705,
AIMS PUBLIC HEALTH,2327-8994,918,3.1,0.93,2.7,3,0.8,0.27613,0.654,
ADV HEALTH SCI EDUC,1382-4996,4121,3,1.4,4,2.6,0.5,0.82119,1.266,
TELEMED E-HEALTH,1530-5627,6585,2.8,1.23,4,2.5,0.3,1.74989,1.145,
SUPPORT CARE CANCER,0941-4355,21387,2.8,0.96,3.2,2.5,0.6,5.65962,0.928,
J MULTIDISCIP HEALTH,1178-2390,4025,2.7,0.9,2.8,2.5,0.5,1.07181,0.639,
PALLIAT CARE SOC PR,2632-3524,258,2.7,0.58,,2.3,0.4,0.12232,,
JMIR HUM FACTORS,2292-9495,1298,2.6,0.77,,2.5,0.5,0.49047,,
INT J TECHNOL ASSESS,0266-4623,2443,2.6,0.58,2.6,2.1,0.5,0.42941,0.757,
INFORM HEALTH SOC CA,1753-8157,786,2.5,0.62,2.9,2.5,0.2,0.19988,0.657,
HEALTH SERV INSIGHTS,1178-6329,811,2.4,0.82,2.6,2.4,0.3,0.20983,0.706,
HASTINGS CENT REP,0093-0334,2110,2.3,1.08,2.7,2.1,1,0.63245,1.234,
JT COMM J QUAL PATIE,1553-7250,2186,2.3,0.7,2.2,2.2,0.8,0.65205,0.928,
J MANAG CARE SPEC PH,2376-0540,2628,2.3,0.66,2.3,2.1,0.6,1.02543,0.757,
HEALTH INFORM J,1460-4582,2276,2.2,0.71,2.8,2.1,0.5,0.66717,0.648,
J PALLIAT MED,1096-6218,7013,2.2,0.67,3.4,1.9,0.3,2.02871,1.292,
DRUG HEALTHC PATIENT,1179-1365,467,2.2,0.58,2.2,2.2,0.6,0.09332,0.515,
TEACH LEARN MED,1040-1334,2056,2.1,0.87,2.5,2,0.4,0.55615,0.951,
CLINICOECONOMIC OUTC,1178-6981,1355,2.1,0.66,2,2,0.3,0.4039,0.626,
BMJ SUPPORT PALLIAT,2045-435X,3039,2,0.84,2.4,1.8,0.5,1.25704,0.798,
J COMP EFFECT RES,2042-6305,1421,1.9,0.6,1.9,1.7,0.6,0.61147,0.607,
CURR OPIN SUPPORT PA,1751-4258,1485,1.9,0.39,2.5,1.8,0.7,0.33622,0.783,
J SCHOOL HEALTH,0022-4391,3898,1.8,0.75,2,1.6,0.5,0.61864,0.587,
EUR J CANCER CARE,0961-5423,4672,1.8,0.66,2.5,1.8,0.2,1.28983,0.753,
POPUL HEALTH MANAG,1942-7891,1470,1.8,0.63,2.1,1.7,0.2,0.60612,0.847,
PATIENT-RELAT OUTCOM,1179-271X,814,1.8,0.57,3.2,1.8,0.3,0.33897,1.223,
SIMUL HEALTHC,1559-2332,2152,1.7,0.68,2.5,1.5,0.8,0.41274,0.726,
J CONTIN EDUC HEALTH,0894-1912,1622,1.6,0.79,1.8,1.3,0.9,0.21621,0.517,
STAT METHODS MED RES,0962-2802,7594,1.6,0.67,3,1.5,0.3,2.90411,1.511,
J PATIENT-CENTER RES,2330-068X,337,1.6,0.64,2,1.6,0.3,0.18353,0.729,
HEALTH SERV OUTCOME,1387-3741,592,1.6,0.56,1.6,1.5,<0.1,0.1552,0.72,
J PATIENT EXPERIENCE,2374-3743,1432,1.6,0.47,1.7,1.5,0.3,0.77643,0.58,
J AMBUL CARE MANAG,0148-9917,691,1.6,0.42,1.3,1.6,0.4,0.16259,0.534,
ANN IG MED PREV COMU,1120-9135,635,1.5,0.64,1.5,1.4,0.4,0.20064,0.354,
OPER RES HEALTH CARE,2211-6923,563,1.5,0.57,2.2,1.5,0.3,0.10011,0.507,
AM J HOSP PALLIAT ME,1049-9091,3530,1.5,0.51,2,1.3,0.3,1.20713,0.655,
ETHIOP J HEALTH SCI,1029-1857,2043,1.5,0.38,1.8,1.3,0.2,0.41563,0.388,
BMJ INNOV,2055-8074,487,1.4,0.49,,1.3,1.3,0.20626,,
JMIR RES PROTOC,1929-0748,4072,1.4,0.45,1.5,1.3,0.3,1.62309,0.436,
TECHNOL HEALTH CARE,0928-7329,1944,1.4,0.42,1.3,1,0.5,0.30463,0.233,
AFR J DISABIL,2223-9170,533,1.3,0.49,1.8,1.2,0.2,0.14105,0.461,
METHOD INFORM MED,0026-1270,1477,1.3,0.45,2.2,1.3,0.8,0.18394,0.627,
J AM ASSOC NURSE PRA,2327-6886,1558,1.2,0.61,1.4,1.1,0.3,0.40842,0.38,
J MANIP PHYSIOL THER,0161-4754,2831,1.2,0.46,1.5,1.1,0.2,0.25294,0.357,
FAM SYST HEALTH,1091-7527,1057,1.2,0.45,1.5,1.1,0.1,0.21759,0.469,
PALLIAT MED REP,2689-2820,214,1.1,0.42,1.5,1,0.2,0.15094,0.595,
INDIAN J PALLIAT CAR,0973-1075,1210,1.1,0.31,1.3,1,0.2,0.2438,0.321,
HEALTH SA GESONDHEID,1025-9848,543,1.1,0.3,1.2,1,<0.1,0.13871,0.29,
GEOSPATIAL HEALTH,1827-1987,774,1,0.41,1.1,1,0.1,0.11428,0.273,
AM J MED QUAL,1062-8606,1350,1,0.39,1.6,1,0.4,0.36867,0.634,
MED HIST,0025-7273,903,0.9,0.57,1.2,0.8,0.3,0.12515,0.671,
B HIST MED,0007-5140,1148,0.9,0.48,1.2,0.9,0.2,0.14999,0.91,
J HEALTH RES,0857-4421,502,0.9,0.4,1,0.9,0.2,0.11184,0.204,
J HIST MED ALL SCI,0022-5045,732,0.9,0.38,1.1,0.8,0.2,0.09587,0.608,
PROF CASE MANAG,1932-8087,258,0.8,0.31,0.9,0.7,0.2,0.06791,0.247,
BIOMED HUM KINET,0043-9630,200,0.8,0.26,0.8,0.7,0.2,0.03732,0.141,
Z PALLIATMEDIZIN,1615-2921,65,0.7,0.16,0.4,0.6,0.1,0.01059,0.073,
CHRONIC WOUND CARE M,2324-481X,148,0.6,0.47,1.3,0.6,<0.1,0.0126,0.232,
J PHARM HEALTH SERV,1759-8885,357,0.5,0.22,0.7,0.5,0.1,0.0816,0.153,
INTERNET J ALLIED HE,1540-580X,319,0.5,0.12,0.6,0.4,0.1,0.06951,0.138,
INT J HEALTHC TECHNO,1368-2156,83,0.4,0.15,0.6,0.2,0.1,0.00644,0.077,
GLOB REG HEALTH TECH,2284-2403,74,0.4,0.12,0.5,0.4,0.1,0.0228,0.121,
AFR J HEALTH PROF ED,2078-5127,185,0.4,0.11,0.5,0.4,0.3,0.0421,0.114,
FARMECONOMIA,1721-6915,30,0.4,0.05,0.4,0.4,<0.1,0.00765,0.141,
J BASIC CLIN HEALTH,2458-8938,115,0.3,0.08,0.3,0.3,0.1,0.0313,0.059,
MED PALIATYWNA,2081-0016,68,0.3,0.07,0.3,0.2,0.1,0.00912,0.039,
HEALTH PROBL CIVILIZ,2353-6942,54,0.2,0.11,0.2,0.2,0.1,0.01087,0.031,
VIGIL SANIT DEBATE,2317-269X,138,0.2,0.07,0.3,0.1,<0.1,0.03076,0.063,
MED PALLIAT,1636-6522,87,0.2,0.04,0.2,0.1,0.1,0.00838,0.021,
J LIAQUAT UNIV MED H,1729-0341,119,0.1,0.04,0.2,0.1,0.1,0.02037,0.04,
INT J HEALTH MED CUR,2528-4398,7,<0.1,0.02,<0.1,<0.1,<0.1,0.00037,0.001,
Dialogues Clin Neurosci,1958-5969,,,,,1.9,,,,
Brain Behav,2162-3279,,,,,8.5,,,,
BMC Psychiatry,1471-244X,,,,,2.6,,,,
J Affect Disord,1573-2517,,,,,4.6,,,,
JAMA Psychiatry,2168-6238,,,,,22.0,,,,
Brain Imaging Behav,1931-7565,,,,,8.5,,,,
Artif Intell Med,1873-2860,,,,,19.1,,,,
Int J Mol Sci,1422-0067,,,,,3.2,,,,
J Psychopathol Clin Sci,2769-755X,,,,,2.9,,,,
Psychiatry Res Neuroimaging,1872-7506,,,,,2.0,,,,
J Imaging Inform Med,2948-2933,,,,,4.1,,,,
BMC Med Genomics,1755-8794,,,,,6.9,,,,
BMC Med Inform Decis Mak,1472-6947,,,,,6.9,,,,
Eur Arch Psychiatry Clin Neurosci,1433-8491,,,,,4.8,,,,
PLoS One,1932-6203,,,,,10.4,,,,
Neuroimage,1095-9572,,,,,2.2,,,,
Acad Radiol,1878-4046,,,,,1.3,,,,
IEEE J Biomed Health Inform,2168-2208,,,,,2.1,,,,
Eur J Neurosci,1460-9568,,,,,4.3,,,,
Eur Neuropsychopharmacol,1873-7862,,,,,5.6,,,,
Braz J Psychiatry,1809-452X,,,,,3.6,,,,
J Clin Psychiatry,1555-2101,,,,,4.4,,,,
Comput Intell Neurosci,1687-5273,,,,,1.5,,,,
Psychiatr Danub,0353-5053,,,,,0.1,,,,
Neural Plast,1687-5443,,,,,0.2,,,,
Nord J Psychiatry,1502-4725,,,,,1.5,,,,
Neuropsychopharmacology,1740-634X,,,,,6.5,,,,
BMC Psychol,2050-7283,,,,,2.6,,,,
Per Med,1744-828X,,,,,4.2,,,,
Prog Neuropsychopharmacol Biol Psychiatry,1878-4216,,,,,6.5,,,,
Mol Psychiatry,1476-5578,,,,,9.2,,,,
Acta Psychiatr Scand,1600-0447,,,,,5.0,,,,
Harv Rev Psychiatry,1465-7309,,,,,2.5,,,,
Am J Psychother,0002-9564,,,,,14.7,,,,
Aust N Z J Psychiatry,1440-1614,,,,,3.7,,,,
Biol Psychiatry Cogn Neurosci Neuroimaging,2451-9030,,,,,2.0,,,,
Psychiatry Clin Neurosci,1440-1819,,,,,4.8,,,,
Stat Med,1097-0258,,,,,1.5,,,,
Psychosomatics,1545-7206,,,,,1.6,,,,
Psychiatry Res,1872-7123,,,,,4.1,,,,
Schizophr Bull,1745-1701,,,,,5.0,,,,
Neuroimage Clin,2213-1582,,,,,2.2,,,,
BMC Genomics,1471-2164,,,,,6.9,,,,
Front Digit Health,2673-253X,,,,,2.6,,,,
Neuropharmacology,1873-7064,,,,,6.5,,,,
Psychiatry Res Commun,2772-5987,,,,,4.1,,,,
"Medicina (Kaunas, Lithuania)",1648-9144,,,,,2.3,,,,
BMJ Ment Health,2755-9734,,,,,4.6,,,,
Cogn Neurodyn,1871-4080,,,,,1.2,,,,
Pharmacogenomics,1744-8042,,,,,4.0,,,,
J Child Psychol Psychiatry,1469-7610,,,,,6.2,,,,
Biol Psychiatry,1873-2402,,,,,9.3,,,,
Ann Gen Psychiatry,1744-859X,,,,,1.5,,,,
Healthcare (Basel),2227-9032,,,,,1.8,,,,
Biomark Neuropsychiatry,2666-1446,,,,,1.5,,,,
ACS Chem Neurosci,1948-7193,,,,,1.5,,,,
Schizophrenia (Heidelb),2754-6993,,,,,5.0,,,,
Brain Sci,2076-3425,,,,,6.9,,,,
Front Mol Neurosci,1662-5099,,,,,2.6,,,,
IBRO Neurosci Rep,2667-2421,,,,,1.1,,,,
Clin Psychopharmacol Neurosci,1738-1088,,,,,4.5,,,,
J Clin Med,2077-0383,,,,,3.5,,,,
Psychiatry Clin Psychopharmacol,2475-0581,,,,,0.4,,,,
Neurosci Bull,1995-8218,,,,,1.1,,,,
Discov Ment Health,2731-4383,,,,,4.6,,,,
Child Adolesc Psychiatry Ment Health,1753-2000,,,,,2.3,,,,
Environ Sci Technol,1520-5851,,,,,1.7,,,,
J Proteome Res,1535-3907,,,,,3.2,,,,
Span J Psychiatry Ment Health,2950-2853,,,,,2.3,,,,
Front Neurosci,1662-4548,,,,,2.6,,,,
Iran J Psychiatry,1735-4587,,,,,2.9,,,,
Genet Med,1530-0366,,,,,1.4,,,,
Clin Transl Sci,1752-8062,,,,,1.8,,,,
Nat Commun,2041-1723,,,,,2.6,,,,
World J Urol,1433-8726,,,,,2.2,,,,
Epidemiol Psychiatr Sci,2045-7979,,,,,5.9,,,,
Data in brief,2352-3409,,,,,1.1,,,,
PLoS Genet,1553-7404,,,,,10.4,,,,
JACC Clin Electrophysiol,2405-5018,,,,,7.4,,,,
Health Sci Rep,2398-8835,,,,,2.3,,,,
Front Pharmacol,1663-9812,,,,,6.5,,,,
Brain Inform,2198-4018,,,,,6.9,,,,
Sci Rep,2045-2322,,,,,2.3,,,,
Life (Basel),2075-1729,,,,,1.8,,,,
J Physiol Pharmacol,1899-1505,,,,,4.2,,,,
Int J Methods Psychiatr Res,1557-0657,,,,,3.6,,,,
Neuropsychiatr Dis Treat,1176-6328,,,,,2.5,,,,
Front Aging Neurosci,1663-4365,,,,,2.6,,,,
J Pers Med,2075-4426,,,,,4.2,,,,
Genes (Basel),2073-4425,,,,,1.8,,,,
Sensors (Basel),1424-8220,,,,,1.8,,,,
Diagnostics (Basel),2075-4418,,,,,1.8,,,,
Eur Child Adolesc Psychiatry,1435-165X,,,,,5.7,,,,
Invest Ophthalmol Vis Sci,1552-5783,,,,,4.6,,,,
Skeletal radiology,1432-2161,,,,,0.4,,,,
J Neural Transm (Vienna),1435-1463,,,,,3.0,,,,
Ann Palliat Med,2224-5839,,,,,1.9,,,,
J Neurochem,1471-4159,,,,,3.6,,,,
Postep Psychiatr Neurol,2720-5371,,,,,4.0,,,,
J Yeungnam Med Sci,2799-8010,,,,,1.4,,,,
Interact J Med Res,1929-073X,,,,,2.6,,,,
Cancers (Basel),2072-6694,,,,,1.8,,,,
Psychiatr Hung,0237-7896,,,,,0.1,,,,
Acta medica Okayama,0386-300X,,,,,0.7,,,,
Sci Adv,2375-2548,,,,,2.6,,,,
Comput Math Methods Med,1748-6718,,,,,1.5,,,,
Stud Health Technol Inform,1879-8365,,,,,5.3,,,,
Arch Ital Urol Androl,2282-4197,,,,,2.9,,,,
Nanomaterials (Basel),2079-4991,,,,,1.8,,,,
Biomedicines,2227-9059,,,,,1.3,,,,
Nat Neurosci,1546-1726,,,,,2.6,,,,
Int J Psychiatry Med,1541-3527,,,,,1.1,,,,
Am J Psychiatry,1535-7228,,,,,14.7,,,,
Int J Neurosci,1563-5279,,,,,2.6,,,,
Clin Psychol Psychother,1099-0879,,,,,2.5,,,,
Comput Methods Programs Biomed,1872-7565,,,,,1.5,,,,
Materials (Basel),1996-1944,,,,,1.8,,,,
Biomimetics (Basel),2313-7673,,,,,1.8,,,,
Ann Gastroenterol Surg,2475-0328,,,,,7.1,,,,
EBioMedicine,2352-3964,,,,,1.3,,,,LEARNED_FROM_MEDICINE
Mil Med Res,2054-9369,,,,,16.1,,,,LEARNED_FROM_MILITARY MED RES
Acta Med Port,1646-0758,,,,,0.7,,,,LEARNED_FROM_ACTA MEDICA PORT
N Engl J Med,1533-4406,,,,,95.6,,,,LEARNED_FROM_NEW ENGL J MED
J Fam Pract,1533-7294,,,,,2.3,,,,LEARNED_FROM_FAM PRACT
Women Health,1541-0331,,,,,2.9,,,,LEARNED_FROM_J WOMENS HEALTH
Prev Med Rep,2211-3355,,,,,4.2,,,,LEARNED_FROM_PREV MED
J Pain Symptom Manage,1873-6513,,,,,3.0,,,,LEARNED_FROM_J PAIN SYMPTOM MANAG
Br J Gen Pract,1478-5242,,,,,4.8,,,,LEARNED_FROM_BRIT J GEN PRACT
Br Med Bull,1471-8391,,,,,7.3,,,,LEARNED_FROM_BRIT MED BULL
Ann Emerg Med,1097-6760,,,,,3.1,,,,LEARNED_FROM_INTERN EMERG MED
J Ment Health,1360-0567,,,,,2.9,,,,LEARNED_FROM_J WOMENS HEALTH
Palliat Med,1477-030X,,,,,3.3,,,,LEARNED_FROM_PALLIATIVE MED
Med J Aust,1326-5377,,,,,6.3,,,,LEARNED_FROM_MED J AUSTRALIA
Ir J Med Sci,1863-4362,,,,,1.6,,,,LEARNED_FROM_IRISH J MED SCI
BMC Fam Pract,1471-2296,,,,,2.3,,,,LEARNED_FROM_FAM PRACT
BMJ Evid Based Med,2515-4478,,,,,8.6,,,,LEARNED_FROM_BMJ EVID-BASED MED
Dtsch Med Wochenschr,1439-4413,,,,,0.5,,,,LEARNED_FROM_DEUT MED WOCHENSCHR
J Lancet,0096-0233,,,,,97.3,,,,LEARNED_FROM_LANCET
Prim Care,1558-299X,,,,,2.5,,,,LEARNED_FROM_PRIMARY CARE
Cardiovasc Diabetol,1475-2840,,,,,2.1,,,,LEARNED_FROM_CARDIOVASC PATHOL
Minn Med,0026-556X,,,,,4.8,,,,LEARNED_FROM_ANN MED
Singapore Med J,2737-5935,,,,,1.6,,,,LEARNED_FROM_SINGAP MED J
Manag Care,1062-3388,,,,,2.4,,,,LEARNED_FROM_AM J MANAG CARE
BJGP Open,2398-3795,,,,,2.3,,,,LEARNED_FROM_BMJ OPEN
Aust Fam Physician,0300-8495,,,,,3.8,,,,LEARNED_FROM_AM FAM PHYSICIAN
BMC Womens Health,1472-6874,,,,,2.9,,,,LEARNED_FROM_J WOMENS HEALTH
Br J Hosp Med,0007-1064,,,,,1.0,,,,LEARNED_FROM_BRIT J HOSP MED
Wien Med Wochenschr,0043-5341,,,,,0.5,,,,LEARNED_FROM_DEUT MED WOCHENSCHR
J Vet Med Sci,0916-7250,,,,,1.4,,,,LEARNED_FROM_J RES MED SCI
Nat Rev Microbiol,1740-1534,,,,,41.2,,,,LEARNED_FROM_NAT REV CARDIOL
Curr Oncol Rep,1534-6269,,,,,3.1,,,,LEARNED_FROM_CURR CARDIOL REP
JMIR Cardio,2561-1011,,,,,2.5,,,,LEARNED_FROM_J CARDIOL
J Thorac Cardiovasc Surg,1097-685X,,,,,4.6,,,,LEARNED_FROM_J THORAC CARDIOV SUR
CMAJ Open,2291-0026,,,,,2.3,,,,LEARNED_FROM_BMJ OPEN
Malays Fam Physician,1985-207X,,,,,3.8,,,,LEARNED_FROM_AM FAM PHYSICIAN
Arch Intern Med,0003-9926,,,,,3.1,,,,LEARNED_FROM_POL ARCH INTERN MED
AMB Rev Assoc Med Bras,0102-843X,,,,,1.0,,,,LEARNED_FROM_REV ASSOC MED BRAS
J Fla Med Assoc,0015-4148,,,,,0.7,,,,LEARNED_FROM_J PAK MED ASSOC
Int J Clin Pharm,2210-7711,,,,,2.2,,,,LEARNED_FROM_INT J CLIN PRACT
J Transl Med,1479-5876,,,,,7.8,,,,LEARNED_FROM_J TRAVEL MED
Trends Cardiovasc Med,1873-2615,,,,,7.1,,,,LEARNED_FROM_TRENDS CARDIOVAS MED
Am J Transl Res,1943-8141,,,,,6.4,,,,LEARNED_FROM_TRANSL RES
Nouv Presse Med,0301-1518,,,,,3.2,,,,LEARNED_FROM_PRESSE MED
J S C Med Assoc,0038-3139,,,,,1.5,,,,LEARNED_FROM_J CHIN MED ASSOC
J Clin Invest,0021-9738,,,,,4.3,,,,LEARNED_FROM_EUR J CLIN INVEST
Rev Assoc Med Bras (1992),1806-9282,,,,,1.0,,,,LEARNED_FROM_REV ASSOC MED BRAS
Ir Med J,0332-3102,,,,,1.7,,,,LEARNED_FROM_INTERN MED J
Int J Prev Med,2008-8213,,,,,4.2,,,,LEARNED_FROM_AM J PREV MED
Circ Heart Fail,1941-3297,,,,,7.7,,,,LEARNED_FROM_CIRC-HEART FAIL
Cleve Clin J Med,1939-2869,,,,,3.4,,,,LEARNED_FROM_CLEV CLIN J MED
Klin Wochenschr,0023-2173,,,,,1.8,,,,LEARNED_FROM_WIEN KLIN WOCHENSCHR
J Am Vet Med Assoc,0003-1488,,,,,2.5,,,,LEARNED_FROM_J NATL MED ASSOC
Isr J Med Sci,0021-2180,,,,,1.6,,,,LEARNED_FROM_IRISH J MED SCI
J Am Med Assoc,0002-9955,,,,,0.7,,,,LEARNED_FROM_J PAK MED ASSOC
Q J Med,0033-5622,,,,,4.9,,,,LEARNED_FROM_AM J MED
Dis Mon,1557-8194,,,,,3.7,,,,LEARNED_FROM_DM-DIS MON
Eur J Clin Nutr,1476-5640,,,,,4.3,,,,LEARNED_FROM_EUR J CLIN INVEST
J Indian Med Assoc,0019-5847,,,,,2.5,,,,LEARNED_FROM_J NATL MED ASSOC
Indian Med Rec,0019-5898,,,,,2.6,,,,LEARNED_FROM_INDIAN J MED RES
Rev Med Chil,0717-6163,,,,,0.5,,,,LEARNED_FROM_REV MED CHILE
Hippokrates,0018-2001,,,,,0.3,,,,LEARNED_FROM_HIPPOKRATIA
Munch Med Wochenschr,0027-2973,,,,,0.5,,,,LEARNED_FROM_DEUT MED WOCHENSCHR
J Egypt Med Assoc,0013-2411,,,,,0.7,,,,LEARNED_FROM_J PAK MED ASSOC
Nutr Clin Pract,1941-2452,,,,,2.2,,,,LEARNED_FROM_INT J CLIN PRACT
G Clin Med,0017-0275,,,,,3.5,,,,LEARNED_FROM_CLIN MED
Rev Med Bras,0104-4230,,,,,1.0,,,,LEARNED_FROM_REV ASSOC MED BRAS
Calif Med,0008-1264,,,,,3.5,,,,LEARNED_FROM_CLIN MED
Nat Rev Urol,1759-4820,,,,,41.2,,,,LEARNED_FROM_NAT REV CARDIOL
J Am Coll Radiol,1558-349X,,,,,20.8,,,,LEARNED_FROM_J AM COLL CARDIOL
Am J Ind Med,1097-0274,,,,,4.9,,,,LEARNED_FROM_AM J MED
Indian Med J,0019-5871,,,,,0.2,,,,LEARNED_FROM_W INDIAN MED J
Gac Med Esp,0016-3821,,,,,0.6,,,,LEARNED_FROM_GAC MED MEX
East Afr Med J,0012-835X,,,,,1.4,,,,LEARNED_FROM_SAMJ S AFR MED J
J Ky Med Assoc,0023-0294,,,,,0.7,,,,LEARNED_FROM_J PAK MED ASSOC
Exp Clin Cardiol,1205-6626,,,,,2.3,,,,LEARNED_FROM_CLIN CARDIOL
J Tn State Med Assoc,0735-7338,,,,,2.5,,,,LEARNED_FROM_J NATL MED ASSOC
Arch Med Soc,1734-1922,,,,,2.7,,,,LEARNED_FROM_ARCH MED SCI
Int J Food Sci,2314-5765,,,,,3.2,,,,LEARNED_FROM_INT J MED SCI
Ann Afr Med,0975-5764,,,,,4.2,,,,LEARNED_FROM_ANN FAM MED
J Maine Med Assoc,0025-0694,,,,,1.5,,,,LEARNED_FROM_J CHIN MED ASSOC
